0.07620842	-0.032366883	-0.033789072	0.025240403	-0.034678023	0.024658341	-0.012584591	-0.12260624
0.004680991	-0.016816042	0.047120344	0.030524265	-0.017492056	-0.0027866475	0.010092534	-0.003039457
0.08315747	0.079392746	0.07008551	0.08517297	-0.11745345	-0.12127128	-0.031669952	-0.13611719
-0.017568089	-0.019965783	-0.06432935	0.054983318	0.020026121	0.08574717	-0.05439193	0.039566264
0.0092344815	-0.06042751	-0.04935106	-0.09998799	-0.0013750964	0.035278644	0.028952999	0.06159131
-0.036071263	-0.019010246	0.013145212	-0.019433355	0.01085658	-0.014638711	0.013674263	0.0066045895
-0.029346025	-0.019102752	-0.026194716	-0.04049232	-0.016531516	0.04945514	0.035128687	0.004076086
0.0340232	0.02808364	0.03489408	0.038895637	-0.032546844	-0.05713432	-0.038502358	-0.030789524
-0.04193998	0.004873047	-0.07075788	-0.029723657	0.066814855	0.022769498	-0.0077974875	-0.025552245
-0.062936164	-0.007949669	-0.008212669	-0.044468485	-0.02534625	-0.07468436	0.010846099	0.06761339
-0.0017021066	0.0029508858	-0.12229978	-0.12513891	0.06035727	0.09138784	0.018514646	0.08104428
-0.019607015	-0.06646411	-0.030407397	-0.012008185	0.09051861	0.020125646	0.026922926	0.08543011
0.03674587	0.039398953	0.1033571	-0.06964254	0.007960873	-0.07991779	-0.024122072	0.0477923
0.02506526	0.026376445	-0.017761482	-0.086008914	0.07801899	-0.015755726	-0.0037223082	0.04333114
0.050765548	0.03901298	0.052247267	0.010823792	-0.07842916	-0.09190324	-0.10963547	-0.030750934
-0.09025691	-0.006348173	-0.009260879	-0.0025336214	0.02912855	0.011574628	-0.028128069	0.07449896
0.014207998	-0.11048112	-0.14653099	-0.07717193	0.10444104	-0.001924261	0.030717757	0.024161968
-0.022281816	-0.061821193	0.004814979	-0.10205818	0.07474028	0.060408536	0.011649998	0.026305346
-0.0032194774	-0.099910855	0.03395067	-0.034539882	0.052608278	-0.08586652	-0.023185419	0.056945913
-0.078110464	-0.11706499	-0.053795125	0.0071499986	0.022032686	0.03927365	0.0115460865	0.06411861
-0.037680786	-0.060665157	-0.04872021	-0.018113272	-0.029391922	-0.004349183	0.041536365	0.11724157
-0.048675954	0.03904149	0.01203274	-0.04447939	-0.044424385	-0.04766343	-0.01323376	-0.00020608632
-0.036452174	-0.052894995	-0.10137237	-0.095397204	0.06368653	0.07363094	0.07604445	0.054062422
-0.020330567	-0.07581009	-0.03039376	-0.08479152	0.018340679	0.059147824	0.036770776	-0.037668817
-0.061878674	0.007178129	0.044601172	-0.018223187	-0.023211166	-0.0050342795	-0.031493675	-0.008854002
-0.051797405	0.025511958	0.030269705	0.021858905	-0.053139918	-0.1091475	0.0573508	0.038696453
0.050094362	-0.014326628	0.020801332	-0.0186734	-0.095372	-0.04936341	0.062386487	-0.08834887
0.019139912	0.12522906	-0.0004430157	0.11695784	0.067112096	0.050066188	-0.046492044	-0.05983263
-0.05923549	-0.08656123	-0.06841103	-0.053675633	-0.040453125	-0.009214215	0.04651079	0.103665225
0.06860516	-0.06206547	0.03949572	-0.020944204	0.014644182	0.030869031	-0.051813956	-0.01623071
0.00053009903	-0.004514967	-0.013096778	0.03297137	-0.054025885	-0.025329027	-0.05128865	-0.074317515
-0.0144165065	0.021828163	-0.06031389	-0.052897703	-0.01756273	-0.08899738	0.045312848	0.08515512
0.021363921	-0.046141	0.10026128	-0.04190268	-0.10117153	-0.065273106	0.0071081216	-0.09864893
-0.08996265	-0.028117737	-0.121546	-0.05168463	0.048130058	0.07447783	-0.061243415	0.06373981
0.05711492	0.015309902	0.068320066	-0.10721963	0.05884961	0.041610952	0.07395948	0.030833405
0.10959934	0.08611496	0.08759287	0.094130166	-0.07343057	-0.089701466	0.028512139	-0.08873629
0.058941755	0.03992325	0.08447383	0.12343763	-0.04736197	-0.021795496	-0.09284138	-0.12908375
-0.015815776	0.12787224	0.031195626	0.024329659	-0.019361388	-0.07069402	-0.037407726	0.014148995
-0.02592918	-0.09583896	-0.03414227	-0.020965653	0.08592591	-0.017088534	-0.048077635	0.032740764
0.105385005	-0.02164119	0.049551	0.048827194	-0.044553705	-0.08124853	-0.05343472	-0.081906
0.009107769	-0.0017748731	-0.047482356	0.0121036135	-0.046871502	-0.028867476	0.07436181	-0.10398338
0.018216422	0.028748136	-0.029235879	0.11884627	-0.03764176	-0.100365564	-0.03912748	-0.057703532
-0.021825831	-0.07417132	0.018067	0.062061258	-0.053432707	-0.05783251	-0.06513016	-0.003648442
0.0077966712	0.0024376463	0.08335832	0.054448836	-0.0025241633	0.019534064	-0.044911984	-0.07073774
0.09948199	0.023899246	0.023258485	0.03389399	-0.048704702	-0.060429268	-0.01733676	-0.0242518
-0.12515447	-0.038861424	-0.1032934	-0.03641963	0.10066668	0.02619908	0.070459306	0.13171081
0.008360527	-0.0036419742	-0.015650354	-0.048896562	0.04786892	0.039393377	-0.024735903	-0.041711487
0.0022905916	-0.046494126	-0.12927943	-0.04842813	0.10426022	0.08257406	0.10013794	0.10421954
-0.074862115	-0.03637901	-0.047452282	-0.026126325	0.04583125	-0.024510875	0.03795784	0.09812319
0.055335544	0.09300082	0.031125778	0.06702599	-0.11400468	-0.0045657596	-0.050304186	-0.102326624
0.09599756	0.07278673	0.05733725	0.05757292	0.003495892	-0.023748498	-0.03855053	0.021984851
0.042948265	0.0124512445	-0.017552108	0.060441755	-0.04022347	-0.020034434	0.0020232834	0.031427804
0.0007538637	0.010225706	0.029348362	-0.038636256	0.0023998395	0.05569763	-0.0051776865	-0.0853799
-0.09871968	0.0011848321	-0.022221643	-0.087618954	-0.012628345	-0.06185733	0.024930807	0.020479683
0.09263237	0.021046618	0.06874418	-0.006118774	-0.050506912	-0.040284023	-0.08307391	0.014945164
0.08076541	-0.007958041	0.08519879	0.09828374	-0.037148774	-0.02524542	-0.060496025	-0.096448764
-0.006607325	0.0016105892	-0.06399922	0.0037011406	-0.0040900423	0.082985975	0.051045366	0.019882757
0.09879728	0.084354736	0.05740282	0.04366956	-0.015869403	-0.061224077	0.03179237	0.004427731
-0.07756714	-0.013776537	0.0013480652	-0.044240914	0.08050136	-0.011627006	0.10499918	-0.0038465234
-0.031460285	-0.08847408	-0.061119393	0.033840414	0.04964724	0.1132413	0.020530831	0.08576565
-0.11086672	-0.12114824	-0.12989223	-0.052726895	0.11992836	-0.0030191755	0.11459249	0.11042843
-0.024093453	-0.11672475	-0.12544252	-0.081105135	0.08569058	-0.0029095141	0.09615843	0.0203115
0.013931725	0.030728735	0.07313087	0.09115576	-0.12650211	-0.10571865	-0.06012023	-0.003448219
-0.062129147	0.06721388	-0.052569512	-0.002285476	0.0684891	0.009437263	0.045704912	0.073140815
0.11001961	0.05498348	0.103561334	0.03991056	-0.10438987	-0.04540428	0.017206429	-0.07613828
-0.041988626	-0.043047108	-0.06251233	-0.0027670595	0.04281905	0.050488368	0.018170856	0.07627315
-0.12439242	-0.042557694	-0.03977927	-0.0045978166	0.020709047	-0.09030902	0.047942936	0.059745535
-0.011848382	0.03672465	0.066193484	-0.029080538	0.035068054	-0.030405417	0.00582393	0.06851501
-0.05673398	0.0044508954	-0.07689202	0.0040026377	0.0007808078	0.03307562	0.062328655	0.13645609
0.005753013	0.11379909	0.041498974	0.11179999	-0.055021457	-0.064046256	-0.0019164567	-0.038803227
0.07752847	0.044486538	0.060530756	0.06675465	-0.12896328	-0.087201305	-0.0322251	-0.07387625
0.0791031	0.07769955	0.086960115	0.038478054	-0.1081946	-0.05172303	-0.0771087	-0.10821165
0.0065595484	0.044783562	0.08181532	0.05541175	-0.06318456	-0.10451472	-0.031318035	0.028179059
-0.03905505	-0.019924713	0.0022915602	0.036392618	-0.013370741	-0.008844722	-0.049050428	0.047092233
-0.009873464	0.049067248	0.012662977	-0.00792842	0.024358828	-0.10142112	-0.009971086	0.024094146
0.04317222	-0.02274464	-0.04745951	0.0126541145	-0.032635387	0.00026362715	0.04533958	0.01271543
-0.102566354	-0.008609268	-0.032771282	-0.047604315	0.07409793	-0.025334453	-0.0010334719	0.082241096
0.04105512	0.030358475	-0.045120627	-0.05254599	-0.05799441	-0.10386569	-0.07632129	-0.010942875
0.064303376	-0.035115566	-0.042940214	-0.031069167	-0.027085429	0.04877218	0.04636364	-0.036923558
0.051046293	-0.02287943	0.09418571	-0.018130017	0.033827294	0.0040542837	-0.01891957	-0.050190806
0.0012915125	-0.0029649148	-0.0914093	-0.019429022	0.027931478	0.12691607	0.048633754	0.021007992
0.017131543	0.090804964	-0.037662964	0.0438764	-0.057343785	-0.090329625	-0.032575727	-0.020440578
-0.023610258	0.00986575	-0.0653346	0.08900854	0.08717765	0.023940552	-0.015723856	-0.029391393
-0.06006741	-0.08636543	-0.0413416	-0.08519796	0.04485781	0.036558375	0.039063312	0.028917627
0.05839547	0.040138148	0.1258312	0.06303607	-0.08904758	-0.039211668	-0.027469534	-0.070936404
-0.035906125	-0.045625474	0.015899483	0.030634928	-0.018527113	-0.02787049	-0.013658129	-0.037040353
0.06646535	-0.047101837	-0.07804297	0.0019546715	0.08413337	0.04782332	-0.03211987	0.005289559
-0.019581294	0.017669763	0.0033733137	-0.03290721	0.037083257	0.005563032	-0.002397824	0.0066305287
-0.008070063	-0.044445287	-0.01035998	-0.012548409	-0.020053936	-0.047803488	0.0027478337	0.02212203
0.049398843	-0.030711843	0.02222306	0.006628953	0.0053742155	-0.046084642	0.010943651	0.0072070844
0.006354261	0.03713577	0.044633333	-0.02521087	0.04267372	0.010885738	0.0007098429	0.020619992
0.033325937	-0.04771614	0.0235173	0.02237567	0.045783985	0.0035511255	-0.01844988	-0.023716224
-0.042434584	-0.021579266	0.013331603	0.03093573	-0.03838233	0.04109219	-0.037022818	-0.044386458
-0.019470513	-0.033227194	0.0062495694	-0.048688736	-0.030692816	-0.035863746	-0.042470563	-0.016371679
0.042956535	-0.02754817	-0.00901363	-0.01320542	-0.008251429	0.043039415	0.019150984	0.009699214
-0.021437788	-0.014364243	-0.045877483	-0.017964434	0.019990157	0.03922757	-0.020131577	0.027008917
-0.0029188618	0.033852626	-0.028866697	0.02024908	-0.019880295	-0.00078650564	-0.0008494854	-0.025859762
0.020785037	0.044533502	0.00075867027	0.03281105	-0.045290258	-0.03645854	0.03148451	0.0075216666
-0.02129798	0.040442515	-0.046139516	-0.025223125	0.025203396	0.014586005	0.013989415	-0.03076694
-0.0049636588	0.0064622983	0.0073488466	0.026722882	0.015659574	-0.031546272	0.04688139	-0.020402504
0.016312491	-0.02273035	0.0086236	0.021355141	0.00012818724	0.042859327	-0.03880173	0.048644986
0.007858921	-0.029305471	-0.034160517	-0.034949623	0.029918183	-0.036051024	0.006801307	-0.048686396
-0.010028087	-0.037869286	-0.019088412	-0.008198418	0.04928622	0.009765349	0.023580302	-0.023191119
0.04300839	0.012757372	-0.0092044845	0.00078893825	0.00079494715	-0.044745483	-0.031321883	-0.048699953
0.011155058	-0.0339908	-0.016076207	0.010834597	-0.026031017	0.000569392	0.043424163	-0.04508878
-0.014110602	0.03164443	-0.03769959	-0.025440563	-0.008626532	0.032343958	-0.044932067	0.0112505555
-0.04295832	0.019508388	-0.029826654	-0.039108373	0.021695841	0.04066323	-0.04244106	-0.0076661482
0.026584994	-0.023676002	-0.04658649	0.016067792	0.042578924	-0.0059092045	0.04304376	-0.03616309
-0.05452638	-0.06413338	-0.019012744	-0.031712785	0.0605379	0.093419194	0.035381455	0.025163861
0.04790398	0.013992142	0.028212573	0.0074547753	0.0085857995	0.02875295	0.002575159	-0.015166141
0.036155794	0.005693782	-0.031996775	0.015389096	0.01584426	-0.044237327	0.008242715	-0.022670006
0.0038134814	-0.029921772	0.0020689932	0.06794922	0.013633486	-0.022335775	-0.025864478	-0.011781338
0.07308048	0.08943668	0.06284609	0.034392215	-0.053200908	-0.030591937	0.020366337	-0.05291049
0.12995313	0.0077604265	0.07487907	-0.0019500868	-0.040755227	-0.026367534	0.016758157	-0.03556172
-0.057147622	0.007159235	0.10997162	0.051758554	0.06086368	0.11539368	-0.05515969	-0.09654779
0.008787531	-0.0031238669	0.0405564	-0.021070065	-0.09683839	-0.06084079	-0.0968307	-0.11088417
-0.036919594	0.026862685	-0.036250234	-0.00062110275	-0.0014640205	-0.010138474	-0.009662628	-0.002657272
-0.026473682	-0.007797781	0.06056454	0.04955782	-0.06813171	-0.104800306	-0.07336068	0.003383793
-0.026538683	-0.003399931	-0.02465855	-0.0127825625	0.010094237	-0.028817285	-0.0035613403	0.011666775
0.016290497	-0.023547221	0.004710842	-0.024732351	0.014642786	0.027088966	0.02749962	0.021651868
0.07341032	0.0024849623	0.06636175	-0.0057470384	-0.029526206	-0.12472567	0.0116181355	-0.065240175
0.016651826	-0.052724265	-0.09858543	-0.036086645	0.13176252	-0.08294464	0.05575579	0.08482679
-0.10514131	-0.06312434	0.002059387	-0.024414705	0.086374715	-0.0577576	0.07674368	0.11367853
-0.028300047	-0.041129015	-0.007520497	-0.035584666	0.043917183	0.028863642	0.0322497	0.031932507
0.04993522	-0.0036509405	-0.0013112426	0.073898934	-0.019183857	-0.054893587	-0.030005213	-0.024303272
-0.0052019814	-0.019995881	-0.08091283	0.018137623	0.042399798	0.072548516	0.08722234	-0.009273052
-0.05019279	-0.06182555	-0.07918958	-0.02809652	0.08562561	0.117926	0.10558805	-0.0093755955
-0.03315	-0.07556763	0.039270945	0.0139474515	0.031086266	0.08458944	-0.09178453	0.021405427
-0.06701926	-0.06942242	-0.037993703	-0.05368421	0.039491277	-0.07105835	0.018564224	0.08698391
0.012772571	0.018306527	-0.045964576	0.033443097	0.03553326	0.016997028	0.03238317	-0.04826578
-0.047546968	-0.04858489	-0.017489132	-0.10839914	-0.014991287	0.07874443	-0.024002807	0.119038664
-0.03143154	-0.053850874	-0.033444088	-0.04703615	0.051726464	-0.04128529	-0.071071446	0.07012465
-0.03231975	-0.040341694	-0.055604506	0.020312048	0.034391876	-0.0011901534	0.078139596	0.04020961
-0.013597641	-0.01575041	-0.12300441	-0.026610304	0.08582326	-0.016774798	0.07800738	0.030334102
-0.09626814	-0.061050493	0.073978074	-0.048327	0.017032256	-0.028109234	0.04372276	0.014400341
-0.02979374	-0.023902392	0.009585712	-0.06839659	0.081715554	0.113357104	-0.032831177	-0.0054604015
-0.06503983	-0.12685452	-0.03795696	-0.024939451	0.037929244	0.070963755	0.03902371	0.017037824
-0.084328525	-0.048640613	-0.075123556	-0.026880091	0.11202167	0.028233666	0.11772059	0.10178643
0.05494528	0.095450304	0.052964054	0.09315332	-0.04257843	-0.0748505	-0.09932068	-0.053024247
0.049916066	0.062862925	0.10471949	-0.022958767	-0.11570797	-0.09823406	-0.020249486	-0.019374661
0.000327582	0.076360054	0.05320434	-0.015680129	-0.038743854	-0.09267563	-0.08886045	0.0072801453
-0.045440078	-0.12214366	-0.09812613	-0.11297487	0.12477737	0.023573158	-0.013744406	0.039597705
0.037155543	0.018747292	0.03720543	-0.06437664	0.0053331293	0.030407073	0.035543974	-0.0030125561
-0.04149391	-0.056724213	-0.04039996	-0.040594984	0.015697699	0.038975652	0.015157877	0.08279331
-0.0476088	-0.0750474	-0.069569826	-0.0620609	0.09275813	0.04271473	0.046087325	0.046864226
-0.08154726	-0.068075374	0.022856526	-0.059911944	0.06644908	0.11093133	0.04134207	0.037591115
0.061396252	-0.028754514	-0.063041255	0.040326692	0.043251224	-0.005896755	0.02274684	-0.0075575574
0.023833025	0.05602154	0.046293553	-0.010792319	-0.057297	-0.013529079	-0.015889795	-0.04401659
-0.050861575	-0.01019331	0.047569253	-0.009267323	-0.020054143	-0.10521656	-0.012993464	0.059048977
0.07417158	0.05652565	0.08049451	0.09438646	-0.063594505	0.008221565	-0.012048304	-0.046421602
0.01999428	0.065030724	-0.043756492	-0.023493582	-0.015266161	-0.042810302	-0.046211425	0.0016958083
-0.010956939	-0.029024411	0.02941819	0.0024182056	-0.00046978565	-0.009944561	0.011685649	-0.010444335
0.07204829	0.14225513	0.08375785	0.1009316	-0.07406828	-0.0533455	-0.069317125	-0.13918309
-0.050269507	-0.1017902	-0.029104913	-0.086353324	0.04324188	0.04453988	0.021295771	0.097475424
0.038981814	-0.0028993574	-0.091873206	-0.07013832	0.037198823	-0.098416	0.0403406	0.06399634
-0.03839817	-0.040310506	-0.07143466	-0.069901064	0.009983135	0.10291248	0.07330592	0.11188341
-0.11995925	-0.06226549	-0.035026893	-0.08861762	0.13859127	-0.017961856	0.082428284	0.12822078
-0.06319818	-0.073035255	-0.044994444	-0.14060812	0.034608174	0.04071831	0.07276075	-0.061369836
-0.012727174	0.018768905	0.010249164	0.054599594	-0.0012396146	-0.06592688	-0.014075347	0.005021869
0.118292	-0.039272733	0.054134253	0.022714615	-0.059358284	0.006681435	-0.055764113	-0.09595398
-0.03676542	-0.04157779	0.022364821	-0.029496694	0.05002599	-0.054311108	0.007765789	0.02080997
-0.044239704	-0.062404566	-0.0148862405	-0.022925872	-0.009893498	0.054500625	0.060302228	-0.037736088
-0.0056983065	-0.03896174	-0.052308045	-0.06961526	0.04756093	0.02649963	0.045396566	0.012710358
0.06288827	-0.051375054	-0.044934683	-0.075964786	0.0074484544	0.015284409	0.0145145245	0.015610288
0.03931171	-0.020403165	0.008635355	-0.0018555686	0.030704373	-0.0541496	-0.01462598	0.06976708
-0.005861504	-0.07463773	-0.093878314	-0.067811236	0.09312546	0.092918396	0.012348289	0.07781153
-0.09865737	-0.025164962	-0.12076703	-0.02983734	0.07755479	0.076431446	0.02386424	0.039332613
0.11972699	-0.0060595684	0.05736521	0.051040452	-0.028809493	-0.04917496	0.02515057	-0.047171652
-0.07012934	0.04167573	0.01949177	0.009887194	-0.00021684798	-0.056510262	0.00784133	0.109847255
0.01397297	0.006404834	-0.002410084	-0.021073185	0.03791161	0.011168085	0.100350276	-0.023220712
-0.0920999	-0.0069598625	-0.043453075	-0.076233566	0.030553032	0.022445314	0.008008141	0.023761475
-0.0074249366	0.07789265	0.12669657	-0.007155233	0.010128614	0.0075071026	-0.09730881	-0.045881737
0.03363002	0.10268044	0.07296447	0.11310789	-0.06156627	-0.052109066	-0.07775608	-0.06267093
-0.013008924	-0.0698787	-0.05463619	-0.07072648	0.061559975	0.012138389	0.013801642	0.101219624
0.029728597	-0.020226426	-0.027933858	0.0033052522	-0.0071908887	-0.038096458	-0.0077450797	-0.08828564
-0.023063466	0.0005885581	0.052322254	0.016683519	-0.022452919	-0.015195154	0.054612704	0.11329933
0.040312897	0.015649712	0.0798386	0.026317235	-0.04743631	-0.09081896	-0.08959644	-0.09959669
-0.10639957	-0.02626862	-0.009599507	-0.007808828	0.13211398	0.033111863	0.031037148	0.091471285
-0.04390189	0.036333352	-0.019153498	-0.03184111	0.054573722	0.06603582	-0.0041644187	0.01717875
-0.01149364	-0.06959225	-0.050768357	0.059504505	0.11436108	0.015461335	0.030597987	0.051133454
0.021967683	0.019731643	0.026832111	0.01623769	-0.00019556785	0.019561414	0.08576266	-0.037516385
0.011828882	-0.053163156	-0.06396001	0.021030236	0.049365163	0.07833584	-0.008085564	0.04767963
0.02743838	-0.030733677	-0.11372673	0.06776066	0.04030126	0.091249965	0.0039414503	0.022787359
-0.045153424	-0.0684268	-0.12246986	-0.102085955	0.013097191	0.055405214	0.11207553	0.01325422
-0.045172215	-0.012418222	0.020519469	-0.011053015	0.005849801	0.047907952	0.0010059364	-0.00010992214
0.009107528	-0.026656799	-0.07199477	0.008439614	0.026326656	0.012497197	0.10977879	0.0011315623
-0.02527173	-0.011086476	-0.05326202	0.005126297	0.113397636	0.082432486	-0.044654455	-0.009631848
0.010155744	0.11404194	-0.015471247	-0.039684337	0.003074659	-0.06058712	-0.012181316	0.072662935
0.038052984	0.026229989	-0.00843543	-0.10003595	0.009154214	-0.036077566	-0.026672058	0.09819244
-0.0036760513	0.025504462	-0.015513118	0.085165784	-0.057281908	-0.06541815	-0.06521719	-0.042395525
0.023373868	-0.04322352	0.010206125	-0.066750385	0.031659387	-0.040996905	-0.053721886	0.04493757
0.01400952	-0.057837553	-0.09863265	-0.02673895	0.06850943	0.06542882	0.08823054	0.040142268
-0.049043693	0.03749409	0.017247442	0.011531949	0.0007867329	-0.0072923675	0.001891721	0.044975493
-0.015026173	-0.09687622	-0.08886577	-0.014841834	0.030173685	0.07194134	0.06798826	-0.03242427
-0.014677159	-0.07445767	-0.07450086	-0.10647285	0.11664946	-0.025269777	0.07086119	0.07443016
-0.07925389	-0.004469392	-0.058596533	-0.109067425	0.0063818945	-0.081981786	0.122326665	0.06384291
0.0128433015	0.08433002	0.0007672836	0.07508088	-0.055140883	-0.02887358	-0.04650079	-0.057624485
0.021632073	-0.03939701	-0.048894268	-0.012983906	-0.018484553	0.013753264	0.024681885	0.007579138
0.0449215	0.100874685	0.1134806	0.079105005	-0.16416915	-0.13175121	-0.07842654	-0.0715633
0.012483189	0.0009769332	0.0149316825	-0.017538331	0.06516348	-0.014955739	-0.04662664	-0.052064728
-0.03353911	0.03063972	-0.05030108	-0.013564083	0.02178086	-0.021693273	0.0001323726	0.020271763
-0.12111951	-0.14034212	-0.15055373	-0.12587415	0.09548474	0.12980036	0.10134106	0.045423448
0.038704988	-0.09415825	-0.019223582	-0.03423045	0.10770895	0.10521713	0.0953026	-0.04218256
-0.02747877	-0.07080217	-0.05581495	0.0040965583	0.07663213	-0.012633824	0.010449575	0.030397791
0.053191304	-0.030712046	-0.0402244	-0.042077288	0.06365989	0.0016878597	0.01804121	0.019740598
-0.08362723	0.019678729	-0.124959596	-0.13258135	0.07699339	-0.07040496	0.009001603	0.06945588
0.024823867	0.056214005	0.014937024	-0.00791402	-0.07705805	-0.02749482	-0.015009979	-0.050860636
0.02219209	0.034323473	-0.035898842	0.05312542	0.015706547	-0.008278738	0.00019360473	0.020273602
-0.033534236	-0.1051174	-0.06155536	0.020459097	0.07195974	0.09315766	0.05627337	0.0133973695
-0.020223787	-0.1465788	-0.12697116	-0.010114644	0.05494123	0.030858546	0.09795217	0.08033711
-0.014052657	-0.13016997	0.0031392733	-0.026197022	0.06667261	0.05007641	-0.01027779	-0.049497724
0.029711198	0.019653942	0.04075583	-0.0037324359	0.024305023	0.049400594	0.11632334	0.03790644
0.08664711	0.10991954	0.11904479	0.020059008	-0.054949246	-0.068361305	-0.075227894	-0.06587886
0.0070511135	0.001034141	-0.13009368	-0.10326657	0.07379434	0.03494883	0.08119039	0.017140733
-0.06908304	-0.030446023	0.016734598	0.006975944	-0.06584554	-0.051950473	-0.068968005	0.081982076
0.009565375	-0.0976949	-0.0149172	0.0023710122	0.033900857	0.063340895	0.020207973	0.0008840426
-0.118758954	-0.07760992	0.020713143	-0.020353187	0.022029009	0.06886276	-0.02238512	-0.0435207
-0.044499017	-0.046931125	-0.0073511433	0.003091013	0.09119641	0.009055959	0.027920162	0.049048238
-0.037863463	-0.07080506	-0.098270565	0.04413603	0.06201046	0.06444216	0.08760543	0.09327074
-0.010458583	-0.047576845	-0.026795194	0.019336838	0.09238385	0.13478841	0.1000329	-0.0066647483
-0.043340065	0.0023493879	-0.003969349	-0.032954037	-0.018497325	0.015311632	0.012839112	-0.024989808
-0.054586153	0.04316059	0.03852021	-0.021098321	-0.006309096	-0.11478337	-0.040503766	0.06698481
0.023327425	-0.033398163	0.039694943	0.012873314	-0.02732388	-0.028042357	0.080901235	0.012663618
0.070300415	0.040374562	0.056756735	0.018544253	0.013629399	-0.03226604	0.028798338	-0.03413218
0.028448809	0.06360013	0.008580265	0.033572305	-0.030451683	-0.05660549	0.0071021486	-0.0013580681
0.09233838	0.03117497	0.1173852	0.00023860787	-0.06280845	-0.06847745	-0.041999258	-0.10685948
-0.02158196	0.033731673	-0.045270573	0.011199512	-0.016556967	0.014481198	-0.024684383	-6.86422e-05
0.0240245	0.08182689	0.0070409533	0.041878637	0.033775512	-0.02858037	-0.014965628	0.071762376
-0.030529987	0.005121077	-0.03983016	0.051634893	0.081124276	0.11349665	-0.03463521	0.010188107
0.05661799	0.09612738	0.06280367	0.015290303	-0.006701041	-0.02964925	-0.014442625	-0.0049672034
-0.009326246	-0.10039862	-0.042608615	0.029869014	0.05750661	0.07660591	0.056339443	0.02463901
-0.020645285	0.113913395	0.009937834	0.012733049	-0.02925624	-0.04276389	-0.05744439	-0.08939485
0.044605725	-0.027555022	-0.10241622	-0.012801822	0.02771351	0.03904372	0.024356555	-0.013574628
-0.006989229	-0.13453056	-0.041055374	-0.10009771	0.078997575	0.031274423	0.11251203	0.06884299
-0.1110856	-0.11763489	0.027534598	-0.011199622	0.093868546	-0.061279237	0.053592663	0.10123545
0.055317476	0.095977224	0.10851974	0.0909155	-0.086484954	-0.13505839	-0.069432445	-0.062223587
0.023285184	0.11719989	0.11871609	0.016067537	-0.093468696	-0.07915269	0.004327246	-0.053307056
-0.086415805	-0.030049916	-0.12787224	-0.046594363	0.04696552	0.15265858	0.0013487521	0.09161112
-0.007160098	0.0008233511	0.08354399	0.0396202	-0.037471578	-0.113313854	-0.08841095	-0.003621915
0.005715876	-0.042029586	-0.00603361	0.08110692	-0.019585863	0.004935131	-0.017263062	-0.12087602
-0.036949255	-0.024050599	-0.024463398	-0.03432299	0.031711332	0.12674928	0.024653595	-0.06078392
-0.0015568796	-0.0072476957	-0.017077202	0.025995748	-0.04148516	-0.0903127	-0.0595684	-0.061370455
-0.0075803893	0.08833933	0.06678612	0.08616714	-0.013470922	-0.01624281	-0.043838635	-0.086410075
0.04442039	0.003157333	0.0038135033	-0.0010111459	0.034105755	0.054382477	0.016568923	-0.0046505406
0.023024965	0.09172943	-0.028948292	-0.009031363	-0.08103861	-0.067464076	-0.011497123	0.025295746
-0.022193432	0.011246406	-0.04249784	-0.00616131	0.01958004	-0.016738761	-6.631762e-05	0.011260688
0.050104573	0.047790077	-0.026494458	-0.0018619477	-0.041425455	0.06539365	0.009603037	-0.014276013
-0.039882004	0.07901761	0.021986715	0.07982596	-0.073005065	-0.021998972	0.04037833	-0.069625475
-0.0069347396	-0.13216572	0.0169859	-0.027057434	0.11751466	0.08596676	0.059412982	-0.05503506
0.024329577	0.048767295	0.005058419	8.825213e-05	-0.0011339672	-0.0072479732	-0.029054249	0.023747776
0.05124963	-0.0767286	-0.032437693	-0.06871782	0.064487696	0.11317148	0.026629515	-0.051062476
-0.030653678	-0.044994775	-0.06958111	0.019198893	0.031699963	0.016395085	0.010613341	-0.0059740525
-0.0052735372	-0.060413774	-0.0016273379	-0.10268162	0.020647421	0.032186784	0.06881337	-0.02632494
0.06351779	0.049290683	-0.015081247	0.031013453	0.022397667	0.07656679	-0.03970434	-0.084882446
-0.00794486	-0.038952798	-0.024471452	-0.003744754	0.043314084	0.043145675	0.021986693	0.049238104
-0.015320547	0.10256118	0.1583512	0.112850085	-0.084760465	-0.107623234	-0.06934866	-0.08725762
0.0576722	-0.033202227	-0.045808736	0.012380467	0.10209497	-0.008987073	-0.064458035	0.0936476
0.008861817	-0.018871069	-0.01755514	-0.0075356737	0.0067439787	0.040700663	0.022280406	-0.021133387
-0.0108098965	-0.0023861844	-0.13821179	-0.042279482	0.1134798	0.037127815	0.042103603	0.03374935
-0.023085866	0.06709066	0.08594423	0.07708916	-0.10965272	-0.054980263	-0.0346977	-0.04834179
0.0061394647	-0.06347583	-0.06218861	-0.024359636	0.086512275	0.014889203	0.1112943	0.09919671
0.022001266	-0.047869027	-0.053446893	0.02018907	0.06453353	0.06782367	0.054173637	0.035140347
-0.0490572	-0.06434105	-0.021065153	-0.0117146	0.010293759	0.060364034	0.041556023	0.041259613
-0.074339174	-0.008842814	-0.114723474	-0.014817182	0.08241573	0.12337607	-0.0021584122	-0.0028981497
-0.004197019	-0.0766864	-0.09917422	0.008707747	0.1239046	0.075340495	-0.03016601	0.07559219
0.010917436	-0.0011144937	0.058630574	0.02983769	-0.07622903	0.0033433735	0.034992155	-0.022634344
-0.111167796	-0.074910566	-0.11618772	-0.09350561	0.0959916	0.048587	0.05287793	0.0477752
-0.044674605	-0.08985248	-0.09260704	-0.10382871	0.090229936	0.026832394	-0.005664009	0.003530587
0.04930142	0.03845216	-0.04408306	0.029694285	0.011513673	-0.026924908	-0.011527181	0.016124193
-0.03378034	0.05198087	0.085616454	-0.038438752	-0.052178837	-0.07623085	-0.018643074	0.0542081
0.084653586	0.079078674	0.074962005	0.024355177	-0.07429786	-0.06720179	-0.07353687	-0.074949145
-0.007806383	0.014688436	-0.00016687065	0.006843876	-0.0298329	0.009953	-0.011975788	-0.044670343
-0.0019767992	-0.009386204	0.02270678	0.0044791475	0.038895074	-0.01387763	-0.04884672	0.03516331
0.041373335	-0.0038537811	-0.0677332	-0.009651937	0.09127442	0.030988546	0.10235849	0.02763421
0.016698627	-0.029759096	-0.04324407	-0.08544269	0.08505863	0.11740843	0.09454999	0.035096508
-0.00076558813	-0.060444582	0.035305716	-0.003907226	0.062074464	0.003510784	-0.045109197	-0.064952865
-0.04963199	0.033956166	-0.0742884	-0.06233998	0.043858014	0.10786231	-0.04255	0.008039681
0.075130925	0.06985668	0.010041423	0.050109897	-0.053138956	0.060592547	-0.029584209	-0.0882317
-0.0029595257	0.040959187	0.06680741	0.06467736	-0.0862904	-0.06239755	-0.065153375	-0.03542142
-0.013726635	-0.04790452	-0.043266177	0.044038326	0.08833274	0.07622024	0.010486032	0.06351413
0.08315164	0.0074854693	0.030003691	-0.004050391	-0.08554963	-0.041116726	0.0061080693	-0.029103916
-0.03633513	0.039029934	0.037347455	0.05463601	-0.008154547	-0.005596455	-0.05771165	0.011813545
0.017518848	-0.0036360666	0.07347049	0.02613924	-0.04114308	-0.08877008	0.00039675343	0.039655723
0.00016458612	-0.025423704	0.02217141	0.059724443	0.01601203	-0.04524145	0.019959789	0.04260993
-0.043455847	0.0159914	0.08733533	0.1000171	-0.08103194	-0.13265197	-0.044740833	-0.044052284
-0.05393165	-0.0074165175	-0.106436685	0.0075043333	0.08578862	-0.021542057	0.025498094	-0.0015793187
0.02098427	0.036858726	0.10661356	0.047289137	-0.08752604	-0.06996765	-0.088487305	-0.09452821
-0.050745096	-0.09404163	-0.036172498	-0.098496206	0.07072488	0.09207938	0.0561953	0.0953789
0.021421194	0.047121357	0.040972654	-0.038602	-0.09047567	-0.08711577	0.02932833	-0.03214493
-0.06396707	0.0081388075	0.0024416917	0.011542935	0.064110406	0.021336969	0.009030953	0.014432823
-0.022874875	-0.072900444	-0.12492615	-0.033530943	0.05978537	-0.0133391535	0.03955634	0.10063534
-0.08391661	-0.06805891	-0.02399855	-0.02886582	0.09212834	0.07631212	-0.016996663	-0.05372338
0.005220484	-0.010364365	-0.03936057	0.045693506	0.042175267	0.015609395	-9.376928e-05	-0.030446028
-0.04776007	0.02944598	0.013840891	-0.048404984	0.00013720838	-0.040426947	-0.018868836	0.021302368
-0.012779345	-0.12691589	0.017480087	0.0031830326	0.08314922	0.022146875	0.061795186	0.109444596
0.052262384	0.031495504	0.05887765	0.069712274	-0.064110205	-0.040883586	0.04142375	-0.08183163
0.060566556	0.03687628	0.087229975	0.07821487	-0.08125698	-0.10375169	0.011082258	-0.035194535
0.01961318	-0.102342114	-0.03175351	-0.024349168	0.07089743	-0.026955135	0.06706565	0.07326599
0.010070913	-0.089910954	0.0077069057	0.04596038	-0.039267182	0.04733924	-0.024057146	-0.07882725
-0.04714026	-0.13071226	-0.11087575	-0.021325722	0.04931809	0.080215365	0.03780946	0.077021144
0.07293596	-0.12247469	-0.085039616	-0.022571366	0.0957718	-0.020095145	-0.015306963	-0.010512673
0.028164241	0.060274184	-0.10296569	-0.034578133	-0.06504276	-0.06941281	-0.02828281	0.018199494
-0.009052644	-0.0003276749	-0.038823776	-0.07103851	0.020242598	0.0006441092	-0.008726636	0.024651263
-0.026877362	-0.0015774397	-0.039837837	-0.023057433	-0.04106007	-0.051195294	-0.05320404	-0.03301529
-0.04016956	-0.11551741	-0.08814515	-0.04577458	0.005072052	0.12533994	0.028445965	-0.044650096
0.0017821509	-0.064402744	0.036871225	0.018648416	0.03788884	0.03500304	0.07820785	-0.028503045
0.0016581304	0.035512593	0.043219734	-0.044345763	-0.026288128	0.012622628	-0.021775318	-0.04541954
-0.012896825	0.030230213	0.025079105	0.014250647	0.002094902	0.0011324286	0.037935738	-0.02678522
-0.0003355965	0.012203395	0.008118629	-0.036369346	0.028420713	0.034834925	-0.027442945	-0.021005332
0.08048527	-0.003927921	0.037203297	0.09884188	-0.0757679	0.014869744	-0.048143256	-0.027571607
-0.060830995	0.060572576	0.054818608	-0.06260574	-0.06893586	-0.08959438	0.011707913	0.057747643
0.1239876	0.033529855	0.03808532	-0.0031214799	-0.1299685	-0.100185916	0.07398578	-0.04430205
0.056499396	0.07562983	0.085627675	0.077499285	-0.044294477	-0.03322628	-0.115315765	-0.056522273
4.3004286e-05	-0.04739689	-0.053341467	0.101358265	0.0031267453	0.084360704	-0.006249263	-0.016737979
-0.012662409	-0.07330093	-0.06510223	-0.04185869	0.013855992	0.055661865	0.019730983	-0.00911089
0.0009573193	-0.038180176	-0.086619765	-0.0418564	0.08632167	0.082246	0.044126928	-0.0009512631
-0.092077084	0.012400582	-0.0047430214	0.065109834	0.000712394	0.09795008	0.044509955	-0.009138892
0.0240058	0.06532785	-0.12523133	-0.12798116	0.06196905	-0.023464944	-0.004210674	0.05974687
0.060723677	0.0450058	0.046849746	0.04348526	-0.08202986	-0.03535721	-0.019187778	-0.033049367
0.06116055	-0.011401963	-0.013725007	-0.016420964	-0.0369283	0.05843904	0.062432602	-0.106678575
0.11023152	0.03127534	0.042445518	0.05791022	-0.015059881	-0.029524626	-0.023644384	0.05480117
0.03869442	0.045054834	0.0020432477	-0.03685265	-0.014026456	0.032777317	-0.0040497337	-0.018261107
-0.024821464	-0.015440602	-0.0567455	-0.054142237	0.07768231	-0.012743939	0.05867258	0.038179837
-0.00080346107	-0.02546671	-0.03219684	-0.04479129	0.09700857	-0.044892985	0.07020977	0.03851485
0.07227035	0.10976068	0.09677694	0.046518955	-0.095849164	-0.124633685	-0.059834693	-0.11145961
0.05971639	0.09035445	0.119694166	0.10745766	-0.15337195	-0.12920932	-0.079015076	-0.13226944
0.07721401	0.07617891	0.03898397	0.0031684276	-0.10517586	-0.067068905	-0.017397305	-0.091941595
-0.023608832	0.0011481834	0.04128489	-0.0024543805	-0.009026214	0.031047825	-0.004984665	-0.05680407
-0.069385074	-0.06890502	0.05549736	0.03376968	0.035276867	0.039279506	-0.057774894	0.119843945
0.03854574	-0.0313705	-0.012335729	0.048133437	0.02043039	0.015042376	0.035764705	0.046118055
-0.039580904	-0.097587615	-0.012430148	0.04635021	0.037951633	0.024499984	0.06748417	0.07327915
-0.0063781603	-0.020075548	-0.08190004	0.0006004181	0.124053136	0.037365496	0.046755217	0.0987475
-0.04117538	-0.027414862	0.009624793	-0.11720378	0.059564553	0.090705484	0.113601446	0.11588805
0.08991289	0.023553826	0.050223492	0.045411255	-0.069326445	0.027017452	0.009870086	-0.114429206
0.046108868	0.018284831	0.03509965	-0.046423197	-0.010233711	-0.044622313	-0.042856764	0.045171563
0.018377198	-0.10980182	-0.12669773	-0.046367727	0.0942966	0.07362175	0.10953267	0.117016405
-0.029225007	-0.0447324	-0.04226072	-0.103273876	0.10229981	0.02633046	0.049239483	0.0146274995
-0.026804583	0.047054887	0.016515266	0.034970447	-0.08722	-0.08521925	-0.034968033	-0.016313894
-0.035322484	0.019210558	-0.050415583	-0.028745338	0.038475603	0.100319915	0.009533177	0.017990172
-0.051224522	0.03926945	0.060612313	-0.063781194	-0.04570959	-0.094652995	-0.08131817	0.057794757
0.026969908	0.11981913	0.041141998	0.053214718	-0.048997194	-0.065562166	-0.01829013	-0.026709558
0.062128387	-0.045397885	0.052617613	-0.047387794	0.015193604	-0.08137752	-0.015750634	0.0010929137
-0.10152866	-0.035760704	-0.027380189	-0.07599716	0.001749272	0.14354914	0.01651912	-0.01906303
-0.008243056	-0.033494532	-0.008006455	0.017152466	0.058437366	-0.017665125	0.055412192	0.008387398
0.08483418	-0.08118839	0.0093028005	-0.01911347	0.10332876	-0.024503076	0.038367853	0.041782696
0.010858893	-0.07142926	-0.0023254487	0.008248253	0.06945614	0.090533175	0.09272719	0.017859187
0.086696364	0.07723673	-0.033455715	-0.036751688	-0.07604529	-0.07689327	-0.0704286	-0.0064788377
-0.043232612	-0.041646536	-0.10518593	0.03926986	0.11346248	0.0578661	0.029184664	0.03550854
-0.09248486	-0.09986758	-0.026055293	-0.046462473	0.011269948	0.109557584	0.058083378	0.04429748
-0.016578114	0.031580377	0.036813047	-5.906215e-06	-0.07338635	-0.092859216	-0.0631127	-0.027327493
-0.027653024	-0.036136962	-8.0529135e-06	-0.01600282	-0.031718425	0.017841697	-0.021841388	-0.015967794
0.04880904	0.029352669	0.0021092892	-0.008482613	-0.037806906	0.012049377	0.011382759	0.009523641
0.041157234	0.0649529	0.014724784	0.051566217	-0.07735792	-0.07449984	-0.04799274	-0.13498966
0.07052299	0.0546932	0.02687768	-0.07310701	-0.025729664	-0.064640924	0.0061684167	0.06566385
-0.118655875	0.012385579	0.016474059	-0.07993117	0.04804765	0.06696885	0.11053005	0.057175416
-0.028848678	0.026167994	-0.03247399	0.009507118	-0.040576257	0.06429044	0.022731584	-0.005048263
0.038192164	0.0703449	0.10094793	0.12246936	-0.074340634	0.008434692	-0.071906924	-0.09418056
0.005717042	-0.04097598	-0.028971106	0.045297112	0.015025864	0.060875498	0.05331302	0.03717533
0.0010650652	-0.015601488	-0.023791624	-0.0696194	0.0010651867	-0.026123114	-0.042317633	0.042065095
0.071321204	0.016807903	-0.014638076	0.0025476608	-0.030267403	0.043419436	0.062927075	-0.031635795
0.055348385	0.07836368	0.113738485	-0.018622532	-0.07060832	-0.13904834	0.01252057	0.009319708
-0.005890418	-0.025749518	-0.005642198	0.00863589	-0.0336376	0.043954875	0.032542143	-0.03658433
-0.013192214	-0.026101125	-0.044885933	-0.044591453	-0.019117534	-0.0007617362	0.03978994	0.026466075
0.011277408	0.0035635652	-0.06663644	-0.024210317	0.065853715	-0.06300762	0.053167947	0.020113152
-0.0624847	-0.0067800847	0.027148725	-0.043670356	0.045212302	0.009470158	0.048616514	0.07400209
-0.0689516	-0.051393114	0.071321376	-0.016570464	-0.038090494	-0.10915582	0.067490585	0.11318979
-0.048421234	0.027704054	0.0026605234	-0.032108925	-0.042342637	-0.001063016	-0.06538951	0.021097615
-0.07369898	-0.04379439	0.036520436	-0.018616963	0.071589634	0.075302914	0.070641555	0.073548734
0.044676013	-0.0968075	-0.04390379	-0.055843808	0.0494243	0.05486858	0.019309519	0.068437815
-0.06582771	-0.025084307	0.00853935	-0.0012072175	0.02606118	-0.009021701	-0.0036301631	0.029672226
0.005208805	0.058681164	0.051681105	0.11907298	-0.041882806	0.029384572	-0.036909085	-0.1057619
-0.07185503	-0.034365706	-0.054333664	0.019220825	0.057298217	-0.018363155	0.07219536	0.041935712
-0.017647162	0.033475358	-0.0037114418	0.069220744	-0.05170388	-0.023591429	0.020313265	1.9756146e-05
0.08379226	0.054722294	-0.00077343266	0.085978344	-0.029437939	-0.028498564	0.033584967	-0.07089176
-0.00899321	-0.0017565954	0.0048460104	-0.009250989	-0.030923177	-0.03350648	-0.013116511	0.010804809
-0.026702732	0.0063450933	0.0029897403	-0.004732692	0.03966589	0.032501873	0.055649117	0.05156682
-0.031493165	-0.00015991763	0.06028751	0.055955995	-0.033669572	0.0003560756	-0.045798425	0.02575164
0.043937884	0.018614868	0.089288935	0.018734748	-0.040342964	-0.089962155	-0.057037517	-0.05983723
-0.060504273	-0.0283909	-0.040389743	0.04954636	0.0025166215	-0.010536587	0.044674575	0.008977355
0.024886373	-0.0014400706	-0.02812822	0.0178946	-0.0140897855	-0.041676365	0.043758813	-0.04402101
0.12131623	0.034244567	0.007092697	-0.032531712	-0.078077145	-0.12755142	-0.080032125	-0.03385635
0.04275633	0.050142225	0.10216476	0.06121235	-0.13315612	-0.02917934	-0.052730292	-0.07056188
0.106323	0.077598095	0.06743986	0.019611849	-0.048484698	-0.007082888	-0.10522789	-0.07269644
0.01561391	0.12093359	0.12228968	-0.018273644	-0.07335415	-0.0786635	-0.056811534	0.012769518
-0.09891072	0.019947847	0.1210269	-0.06844601	-0.03318224	-0.07284494	-0.05740443	0.016583577
-0.09447207	-0.03361688	-0.09217953	-0.02944601	0.06857427	0.08703255	0.048766237	0.10255207
0.049676776	0.095455416	0.08545025	0.04547819	-0.0098818	-0.079235554	-0.090245456	-0.09233934
-0.035696074	-0.022924945	-0.074709	-0.079591185	0.041932173	0.10520224	0.00904108	0.028401172
0.021137891	-0.054853335	-0.08709012	-0.09952644	0.072261475	0.031223852	-0.018540362	0.013804287
0.045695383	0.061245583	0.034347977	-0.028121294	-0.09987832	-0.009598353	-0.036855035	-0.01965033
0.02922672	0.06693435	0.07282064	0.019784762	-0.11305348	-0.15897746	-0.06738619	0.031621166
0.060501352	0.029535513	0.035470806	0.018094698	-0.09190041	-0.095458455	0.008900989	-0.054941736
0.10757602	0.07482959	0.05808795	-0.024782855	-0.13772835	-0.08179891	0.021046124	-0.028531143
0.023183046	-0.06709792	0.027864883	0.031626724	-0.039271094	0.08411231	-0.089238726	-0.106228784
-0.024361942	-0.06062644	0.032642383	0.041777413	0.019033436	-0.034138855	-0.06434015	-0.08353032
0.014831668	0.04150885	0.13908005	0.10946366	-0.112121485	-0.07295662	-0.029576505	0.021498684
0.032157287	0.019132303	0.07768171	-0.02395325	-0.038868815	-0.07656009	-0.031613577	-0.0024948292
0.07041535	0.05159844	0.12392266	0.06321128	-0.06452586	0.0030480172	-0.08188584	-0.112106465
0.121930495	0.03619084	0.1224023	0.12007009	-0.08804578	-0.013050274	0.0072293384	-0.073738895
0.030646585	-0.010486038	0.0071549765	0.026092622	-0.02932503	-0.01957715	0.025132162	0.054794546
-0.00825588	0.0034945803	-0.048511308	-0.022525966	0.053851143	-0.043620273	-0.048074566	-0.028512707
0.07067779	0.068511054	0.03553797	-0.030287763	-0.04180386	0.034035616	-0.00093122246	-0.01185787
0.061613567	0.063506	0.09503902	-0.0450948	-0.065650955	-0.121445574	-0.10340338	-0.01565869
-0.0013346588	0.021067254	0.009919438	0.042265125	-0.09622938	-0.0077846833	-0.07668187	-0.09519757
0.03616719	-0.017140904	0.037139513	0.0141795855	-0.049128223	-0.007357844	-0.022269605	-0.016821079
-0.0397336	-0.0403671	-0.10884335	-0.0049288874	0.08208983	0.10223483	0.053210594	0.029575689
0.037116807	0.0034638164	-0.11573096	-0.029752072	0.10959502	0.05657763	0.07486215	0.059555173
-0.13242538	-0.08045474	-0.045626897	-0.08958092	0.08689091	0.0739742	0.050092183	0.13230698
0.003634172	-0.07831025	-0.05238817	-0.011588126	0.02630902	0.13739584	0.04867359	0.07540393
-0.058862768	0.054279163	-0.019397736	-0.049895924	0.016941883	0.023298278	-0.014086865	-0.0013591666
-0.13386853	-0.052425973	-0.055491403	-0.0653219	0.097647	0.032280505	-0.057589665	0.09225503
0.02773178	-0.037978638	0.0023716092	-0.037869073	0.022781517	-0.038749028	-0.008872829	0.043479506
0.010862899	-0.0563371	-0.033051737	-0.02252868	0.10395918	0.054114513	0.025022395	0.07226445
-0.016586088	0.024168361	-0.04556836	0.030903008	-0.040611424	0.041497897	0.02543502	0.02655306
0.027819846	-0.0038000457	-0.044926237	0.0434446	-0.011615552	0.0065244325	-0.027276969	-0.02015599
0.08096908	0.11553333	0.07932273	0.058709454	-0.013675103	-0.062238835	-0.08841343	0.0401477
0.02538462	-0.012779536	-0.060893428	0.03205242	0.04620619	0.034337502	0.05190538	0.09849541
-0.06400875	-0.12911458	-0.02361873	-0.08452886	0.07126141	-0.008830075	-0.0005816384	0.07082653
-0.0276762	-0.011985052	-0.049660206	0.03284779	0.024311293	-0.025564397	0.030719105	0.012746539
-0.080275744	0.042992637	-0.057326946	-0.047153946	0.08015588	-4.748255e-05	-0.01738908	0.030431181
0.03981113	0.055332355	0.1368534	0.065256074	-0.088191934	-0.11158503	-0.05040261	-0.04399004
0.016241783	-0.050290786	-0.024534058	-0.04247393	0.043645717	0.08225089	0.0704804	0.06616198
-0.0331982	-0.005793847	-0.011174463	-0.022341276	0.030484606	0.01629274	-0.015353717	-0.022410298
0.03958362	0.11211409	0.0597638	0.062171735	-0.0886487	-0.05700062	-0.0297278	-0.049811777
-0.013815435	-0.0057909023	-0.05420898	-0.014177274	0.06319511	0.04277212	-0.0123448	0.037121665
0.031736396	-0.13980547	-0.019527039	0.03890887	-0.00036416622	0.011917336	-0.0064650197	0.0871631
-0.014557015	-0.029607622	-0.036494605	-0.024625823	0.04291375	0.03874644	0.018644737	0.06391676
0.076166436	0.07741422	0.044588495	0.048349008	-0.06814813	-0.07248875	-0.0709933	-0.014404174
-0.006944174	-0.028956126	-0.039715074	0.06445448	0.024040759	0.014252445	0.02551569	0.052870322
-0.030661313	-0.10086553	-0.12413888	0.009980444	0.08227885	0.07729935	0.020983126	0.10353484
-0.057475056	-0.10641627	-0.06672078	-0.046503074	0.056317672	-0.006596245	-0.03962371	0.043238424
0.07849214	0.006684316	0.016572269	0.049388587	-0.03725558	-0.099546626	-0.01878813	-0.047622025
0.032205928	-0.015117597	-0.040237978	-0.08026407	0.047811553	0.006531681	0.009516959	-0.010525691
-0.09730117	0.002332866	0.0030089698	0.031831697	-0.02604373	0.069273084	-0.033716615	0.05699646
-0.013742174	-0.02911106	-0.07503249	-0.039661705	0.10389858	-0.021016467	0.061607506	0.064764425
0.07621945	0.07297275	0.06885534	-0.019881206	-0.023028318	0.0008816272	-0.042215317	-0.06960647
-0.071486674	-0.08529119	-0.022880938	-0.05005832	0.06637916	0.092763305	0.06670223	0.0497696
-0.021546412	-0.043876573	-0.056055665	0.017272498	0.046332777	0.07941796	-0.008166026	-0.04646647
0.04627551	0.096245095	0.08441631	0.024603622	-0.0808731	-0.07172493	-0.059264008	-0.06395974
0.018252764	0.14056194	0.03373008	-0.04152378	-0.10711565	-0.119810835	-0.00015827036	0.0047357627
-0.075504445	-0.10207515	-0.13934171	-0.05272566	0.078155465	0.030700892	0.12475369	-0.028699387
-0.033605628	-0.09033871	-0.030532844	0.0019594803	0.09685903	0.09656247	0.01012724	0.0057206643
-0.030425364	-0.11213371	-0.07716816	-0.00264362	0.035971947	0.09198322	0.07020351	-0.03880777
-0.03397141	-0.017807234	-0.11397557	-0.06428425	0.10009147	0.06982506	-0.0009859172	0.023539048
-0.029605627	-0.08939261	-0.042792197	-0.04245813	0.018793575	0.07153165	0.034127586	0.0751214
-0.034531977	0.0654427	0.106306404	-0.024035227	-0.032756016	-0.049703244	-0.09227667	-0.014358519
0.010680215	0.10490163	0.04040384	0.10329749	-0.0413101	-0.09855028	-0.022340966	-0.0869472
-0.046829533	-0.018441606	-0.016624965	0.023444746	-0.0017851107	-0.02307179	-0.02393247	0.032753114
-0.035651743	0.039963055	0.04637612	0.011611283	0.039602425	-0.023603333	-0.00010158867	0.01025752
-0.03857733	-0.081437744	-0.08943182	-0.10233529	0.030769195	-0.07478253	0.015281583	0.08216441
-0.020090688	0.0064561963	-0.008943129	-0.016282856	-0.040011205	-0.049818646	0.0299269	0.035581637
0.05177476	0.09916026	0.09271705	-0.0016894662	-0.12495843	-0.16335225	-0.032487493	0.006156636
0.0567946	0.03383133	-0.03370122	-0.032351073	0.0056633344	0.08930709	0.018687826	0.03838012
0.024271093	-0.080224715	-0.039074674	-0.0008839879	0.02203558	0.026151262	-0.0073506273	0.059136342
-0.009893269	-0.019051198	-0.025790783	-0.0093201855	0.0037815392	0.08968357	-0.009502314	-0.0027551907
-0.05271915	-0.055127066	-0.0061092037	-0.064944156	0.10366821	0.06935202	0.029651795	-0.0019377733
-0.04448067	-0.10097315	-0.08330203	-0.045608435	0.08422614	0.10093971	-0.05080916	0.08478574
-0.077253364	-0.055521477	-0.023073906	0.03342283	0.12510681	0.004121081	0.061147306	0.055933893
0.02123173	0.09806429	0.14013189	0.12653044	-0.02473597	-0.026128849	-0.04056068	-0.12442335
0.022332266	-0.056275114	-0.057771996	-0.03000685	0.046296075	0.1167008	0.08483337	-0.009594858
0.12192594	0.05673878	0.10459076	-0.03832176	-0.06140289	-0.121185265	-0.012782724	-0.01944953
0.019237315	-0.11159164	-0.013660897	0.07897184	0.021384649	0.11848815	0.10749067	-0.050613336
0.024683123	0.06139304	0.047766514	0.057595823	0.0036357306	-0.009179045	-0.05208077	-0.0011959613
0.0040281173	-0.056084316	0.006360771	0.020786596	0.01032578	0.06870948	0.05017244	0.013379069
-0.088179596	-0.015258292	0.0034161946	0.05126379	0.044645432	0.065764755	0.036982432	0.04547539
0.02682608	0.09758688	-0.065524675	0.029677715	-0.0532426	-0.036638025	0.019206217	-0.116152704
-0.09523683	-0.11163612	-0.019790057	-0.0016439692	0.025947712	-0.030316595	0.0609978	0.09967468
-0.05586151	-0.086730115	-0.059757944	-0.12711686	0.048212137	-0.058495853	-0.024657687	0.11746791
0.0057006176	-0.05395275	-0.08638306	-0.02578575	0.10437075	0.042596206	0.071031325	0.094794855
-0.011777464	-0.015603961	-0.030528247	-0.035264503	0.08085067	-0.024548609	-0.024432411	0.1156864
0.06720235	0.02758794	0.05365348	0.0051172692	-0.07855187	-0.076073945	-0.06074147	-0.03000979
-0.100634776	0.053438935	0.021809759	0.033437688	-0.0947378	-0.07520598	-0.07594267	-0.025071174
0.072671235	-0.0062014014	0.032387953	0.009327631	0.014286225	0.076941006	-0.048634518	-0.036494642
-0.032156922	0.03196701	0.027411949	0.006085288	0.039055478	0.03401034	-0.040872313	0.021741185
-0.026785096	-0.055425785	0.0015291399	-0.110025376	0.017834347	-0.015292537	0.012838792	0.07758638
-0.12369679	-0.008349648	-0.07216784	-0.015771259	0.10600278	-0.06705726	0.0035413767	0.06080006
-0.0027893102	-0.13590682	-0.006205885	0.015694126	0.05215952	0.10921598	0.053043548	-0.028760616
0.0045580743	-0.10286625	-0.066013314	0.011893909	0.026672337	0.04341279	0.08282275	0.04188513
-0.0653123	-0.061008185	-0.06940516	-0.04040784	0.09568211	0.10453418	0.07776549	0.034220196
-0.06257253	-0.0037437486	0.021997645	0.0100637	0.059644014	-0.029385075	-0.036223304	-0.005782014
-0.03060696	-0.08821963	-0.010712212	0.025285373	0.09231506	0.0967	0.021703951	0.06166855
0.062744	0.019056853	0.06490151	-0.024667522	-0.03564396	-0.09094778	0.0383917	0.0074202702
-0.043879487	-0.07214536	-0.01025814	-0.048217446	0.086862504	0.10043342	0.06621029	0.04561989
-0.04667306	0.04421984	-0.04814434	-0.0745541	-0.005622198	0.05273416	0.005934448	0.059531342
0.007516574	0.003990829	0.021047544	-0.02723906	0.0032611713	0.0015866049	-0.04525546	-0.014176954
-0.045413088	0.014205668	-0.03237231	0.03988867	0.010817386	0.032151315	0.041327547	-0.021557415
-0.0532283	-0.018400183	-0.039068215	0.0072414773	-0.019625911	0.06945915	0.032800607	-0.051465176
-0.027667772	0.08120973	0.0705845	-0.03802713	-0.060364015	-0.095267616	0.014129564	0.00269931
0.08509212	-0.018484412	0.04786705	-0.0074946284	-0.05179773	-0.078919224	-0.0057189884	-0.029241001
-0.015212613	-0.0664565	0.02908619	0.03013629	0.1287478	0.038393695	0.046684258	0.026312988
0.14633709	0.1276364	0.07787095	0.046809305	-0.0338847	-0.09373086	-0.04599241	-0.0268537
-0.079417184	-0.11134743	-0.10650215	-0.100711964	0.11119606	0.035859708	0.040425584	0.036688935
0.046983767	-0.0372478	-0.03322885	-0.026236523	-0.025953079	0.0073818676	0.041558888	0.005063068
-0.08399977	0.00041099405	-0.08545759	0.04282057	0.02201648	0.100686036	-0.012258723	-0.03895725
-0.025933454	0.06008124	0.031411298	0.074366406	0.017616466	-0.037020918	-0.03269034	-0.021347173
-0.057741918	0.042676885	0.053569123	0.06587767	0.034874562	0.036411162	0.022834117	0.045986608
-0.026784891	-0.07334895	-0.0041765342	0.007515199	0.056399334	-0.050113425	0.042600565	-0.0042706165
-0.09029393	-0.023844868	-0.082527794	-0.052958217	0.021296896	0.04100626	-0.020552905	0.0039735395
0.011566942	-0.08303779	-0.03362747	-0.058217876	0.015013038	0.04304033	-0.0005526114	0.07136422
0.041103758	0.02611282	0.034610588	-0.011779357	-0.054598026	-0.004503642	-0.0710357	-0.057571426
0.0040057963	0.056991138	0.09101655	0.015102666	-0.06473446	-0.060946397	-0.10045813	-0.055334583
-0.068301655	0.01609305	5.4358738e-05	0.04620313	0.010986458	0.033451293	0.05623677	0.017243287
-0.036250774	-0.05888258	-0.0869483	0.03682381	0.040520918	0.10753257	0.057234675	0.022002313
-0.026594874	-0.032829534	-0.04385212	-0.023469798	0.07948285	0.064368784	0.040828392	0.053774912
0.030009959	-0.0300519	-0.04486679	0.03485081	0.023216669	0.010902286	0.0178545	-0.013431083
-0.021881387	0.052647017	0.10921434	0.10339055	-0.10756606	-0.04494366	-0.071239375	-0.05678374
-0.030072138	0.08182621	-0.08038356	-0.04632818	-0.03560196	-0.03087328	-0.074993305	0.022894371
-0.04735173	0.01677445	-0.01726067	0.039025974	-0.006271027	-0.018741108	0.034178067	0.019751098
-0.024000768	-0.03772031	-0.059816808	0.027742077	0.09115857	0.088027515	0.061046176	0.09384256
-0.012301125	-0.01958989	-0.0044080615	0.0006502047	0.049350645	0.028032664	0.007833123	-0.02982608
-0.040117912	0.07621564	0.08132921	0.06318941	-0.078021206	-0.04532415	-0.037017737	-0.10882298
-0.124133885	-0.10826324	-0.06850315	-0.06500819	0.066610664	0.08765323	0.060314454	0.07428271
-0.047506265	-0.08268128	-0.07614754	0.020678634	0.089323655	0.084553406	0.031540517	0.058551162
0.13377334	-0.04952301	0.07847991	0.06228515	-0.029845268	-0.08638442	-0.024539314	-0.009554944
-0.0034067258	0.0076331496	0.028567646	-0.036152434	-0.017881691	-0.020488048	0.015619729	0.021095786
-0.02240646	-0.050053343	-0.04461218	-0.023823291	0.07813601	0.057784095	0.08767594	0.014066383
0.024318183	0.042283554	0.04206159	0.14596106	-0.07646415	-0.03796001	-0.038385857	-0.09261239
-0.01337627	0.02566803	0.077794984	0.043119624	-0.014192556	-0.05582335	-0.07735094	-0.09210127
0.020782541	0.0020018108	-0.0003238693	-0.0041478276	-0.023273611	0.019176137	-0.03132217	-0.016859867
-0.02025968	0.06467689	0.04234822	-0.08627018	-0.032917183	-0.084415264	-0.087807395	0.021275645
-0.09099633	-0.06748594	0.008636888	-0.0905305	0.0070577282	0.04978191	0.041360475	0.07640221
-0.0043201614	0.10525661	0.03911364	0.010393431	-0.03878853	-0.024434354	-0.018505339	-0.068196855
-0.059539333	-0.13116495	-0.027458787	-0.03470907	0.04479915	0.116906814	0.061171535	0.12653056
0.02320088	-0.030264353	-0.022956718	-0.023448396	-0.0056639537	-0.0017955899	0.04781956	-0.0010484345
0.08281631	0.036469586	0.08736857	0.07747025	-0.035151795	-0.106378995	0.031382333	-0.05760299
0.025030266	-0.049024533	0.008519221	0.015130226	-0.0053735003	0.034200992	0.012476206	0.0014977679
-0.041883815	-0.026397873	0.007746838	-0.039919484	0.016392503	-0.018372796	0.016271029	-0.012666274
-0.002726635	-0.10604063	-0.09331707	0.021909457	0.10548054	0.044570718	0.0023287204	0.019469542
0.02210947	0.03946105	0.029327406	0.048772443	-0.011283668	-0.013643869	-0.005360146	0.00826343
0.0023681298	-0.037050627	-0.01861731	0.046044324	-0.029908359	-0.006343387	0.043999527	0.006026257
-0.059381656	-0.071115695	-0.07030079	-0.028675769	0.061875157	0.061187174	0.09812322	0.024681386
0.03706816	-0.00010318868	0.030873436	0.07160032	-0.03818781	-0.033756763	0.002211072	-0.069144845
-0.0037093656	-0.07524154	-0.06106924	-0.06775427	0.12656783	0.010878964	0.037950374	0.07688937
0.0033278363	0.055180956	0.08434187	0.047193523	-0.111888714	-0.12750421	-0.028692057	-0.021735942
0.012078486	0.04447749	-0.031543337	0.018979516	-0.002513945	0.01635791	-0.038950134	0.04555596
-0.038488112	0.032665122	-0.029363228	0.0479676	-0.041629948	-0.0352365	0.04990461	0.019474458
-0.003916144	0.004474746	0.06312734	0.0011726776	-0.084958166	-0.00032454985	-0.03655147	-0.06993153
-0.027533077	-0.065562434	-0.07324703	0.088080615	-0.057245143	0.047824133	-0.029159412	-0.063319005
0.11963402	0.06440881	0.13846993	0.11386586	-0.094482854	-0.07661607	-0.063908584	-0.07449443
-0.009660006	0.0403111	0.01283684	-0.009813856	0.045333195	0.037987996	-0.029806018	-0.043467056
-0.12608705	-0.08526709	-0.043678746	-0.031827703	0.020110121	0.010404604	0.042152405	0.115611754
-0.079205476	-0.04708064	0.038271632	0.013625907	-0.022083513	-0.013308011	-0.008692749	0.08578385
-0.020080805	-0.027536059	0.04994109	0.0042943135	0.042245213	0.011924624	0.021460842	-0.008125462
-0.042711247	0.018488552	0.0004928	0.030517105	0.028152678	0.043096054	0.042604957	-0.021211052
0.06954903	0.0037834514	0.11191274	-0.013551219	-0.0802349	0.029648328	-0.047129963	-0.09033894
-0.02369983	-0.12199765	-0.057725124	0.025777962	0.11919812	0.091669366	-0.041987803	0.052578878
0.009400972	-0.004503217	0.085824236	-0.035580844	-0.09221898	-0.07818793	-0.068689905	0.00013081287
0.014494237	0.036772136	-0.03730608	-0.04491558	-0.0040255715	-0.03995711	-0.025588855	0.041830167
-0.044889677	0.061679702	-0.04106964	0.007053815	-0.031145222	-0.037167214	-0.08179358	0.07688694
-0.08482927	-0.115510784	-0.055702608	-0.026783202	0.04312924	-0.0076017836	0.022865143	0.123305775
0.09140681	0.07319516	-3.0579977e-06	0.0067799636	-0.0402259	-0.04191403	0.038680587	0.016643405
-0.009391669	-0.12712884	-0.032718558	0.030442351	0.008584196	0.047024556	0.0211129	0.005286141
-0.06767255	-0.015824448	-0.054432347	-0.0001409594	0.03160919	0.06577147	0.01615968	0.048676305
-0.00022674119	-0.014905912	0.07397709	-0.0013875219	-0.02361327	-0.03899431	-0.012105198	0.09362494
-0.027335122	-0.0896932	-0.027694859	-0.07666597	0.053450443	-0.06498886	0.04138896	0.08689485
-0.06416046	-0.07141743	-0.061609544	0.02580683	0.11256395	0.033425577	0.0015502786	0.089764245
-0.10787908	0.0016614264	-0.05897144	-0.07998707	0.123230234	0.10688269	0.0956303	0.066535875
-0.012035582	-0.053996682	0.019113965	-0.034569364	0.09267132	0.08184714	0.045683302	-0.0047137663
0.082893856	0.008959725	0.048264056	-0.022103405	-0.086994044	0.012757074	-0.04228205	-0.06229719
-0.03985485	-0.058452882	-0.031163681	-0.04542804	-0.019234419	-0.044783004	-0.019062482	0.025565343
0.0066856965	-0.04675852	-0.0022392161	0.0003688708	0.019929636	0.018839065	-0.001001846	-0.0009011999
0.039983418	0.0414797	0.060810544	-0.009216673	0.047206067	0.06338303	-0.03747193	0.05583655
-0.038135067	-0.074378274	-0.03524104	0.007072247	0.124719925	0.120231606	0.049617045	0.06083952
-0.020672668	-0.0004986748	-0.016193688	-0.010395788	-0.018232595	0.04839815	-0.01987294	-0.04053793
-0.03937544	-0.042704944	-0.09210089	0.0027497364	0.052588865	0.06468738	0.06604779	-0.027100865
-0.026051069	0.049364988	0.010552287	0.0043838993	0.010028698	0.04891796	0.024014238	-0.048894394
0.129204	-0.09254528	0.023749782	0.008762663	0.010560561	0.09065741	-0.04403492	-0.06776975
-0.0017860006	0.13902585	-0.03650796	0.08751182	-0.028879382	-0.045405928	-0.012544299	-0.05747016
-0.04829942	-0.11982732	-0.050360043	-0.0673744	0.12828316	-0.038658623	0.055104885	0.0591227
-0.05514523	0.038424525	-0.055601157	-0.011937531	0.0633178	0.051217534	-0.013962992	0.027951613
0.04509601	0.10219495	0.12647939	0.0034925458	-0.1342533	-0.114812985	-0.07022834	-0.006391708
-0.10667247	-0.04285085	-0.00024648756	-0.060078666	0.116477765	0.1222574	0.09720642	-0.069712736
-0.059142634	-0.093590654	-0.025311895	-0.007405144	0.027200487	0.033149783	0.051139586	-0.112170056
-0.10784321	-0.04047995	0.024098366	0.0050075483	-0.02270974	-0.02604745	-0.029301047	0.019697638
0.0013893843	-0.027169133	0.029209089	0.04987881	-0.0029618852	-0.042179145	0.044471	-0.039511107
-0.051954992	-0.11201954	-0.10376217	-0.08581125	0.1113745	0.11338336	0.051697772	0.09527049
0.02837373	0.03836805	0.018974055	0.0075173974	0.013926517	0.00081726164	-0.033961296	-0.04678428
-0.020708788	-0.02566502	-0.036588263	0.044273008	-0.02978983	-0.03230784	-0.021265244	0.0019239672
-0.10484853	-0.027966652	-0.004132505	0.027773168	0.029743107	0.005065878	-0.015886124	0.024312705
0.004021122	-0.07106127	0.089373946	0.02765353	-0.06442552	-0.041092105	-0.051464655	-0.06643305
-0.052767523	0.07613819	0.078059435	-0.05460891	-0.057680875	-0.11877675	-0.07747898	0.056801733
-0.022254992	0.046062518	0.005456686	-0.00811889	0.0453181	0.040611517	0.0055205114	0.046878148
-0.08087289	0.015362152	0.0884894	-0.00917506	-0.0680207	-0.07991013	-0.03684322	-0.012746905
0.041525755	-0.003079772	0.028256867	0.0340564	0.005705118	-0.040661074	-0.014680959	-0.00700704
0.05931805	0.06891819	0.16467692	0.010927796	-0.11741653	-0.0016472568	-0.010668219	-0.06439726
0.0895568	0.074649185	0.074962266	0.0519269	-0.10910355	-0.0008768081	-0.04534388	-0.014362473
-0.023592524	0.050421566	-0.11840332	-0.044450317	0.0499465	0.071383394	0.07759364	0.10021103
-0.065041095	-0.06496162	-0.101438195	-0.07151837	0.05642922	0.028558694	0.020957833	0.039564088
0.018142296	0.055481557	0.10630401	0.020889198	-0.10976529	-0.116230175	-0.049624775	-0.01328652
0.023791399	0.09335555	0.042695653	-0.041586995	-0.005427962	0.0144235445	-0.028864747	-0.018530406
-0.042880435	0.07771618	0.07884482	-0.015990034	-0.01335684	-0.04143131	-0.08509223	-0.07941068
-0.031550467	0.09812865	0.10900518	-0.045272652	-0.032961506	-0.03872624	-0.040786423	0.027141774
0.13347478	0.067281924	0.049730174	0.058286004	-0.07901761	-0.05621397	-0.0016876156	-0.019462915
-0.031772587	0.01271493	-0.11234638	-0.041342396	0.04289222	0.0885389	0.052191284	0.056823984
-0.099734746	-0.054490022	0.0130825285	-0.0967739	0.0656513	0.0068859067	0.10405081	0.08734668
0.013748337	-0.015263855	-0.049372554	-0.0006781444	-0.048006117	0.04800259	0.041071307	0.034922663
0.023792764	0.0058124997	0.1273897	0.073680274	-0.07912219	0.06041324	-0.14340237	-0.14830472
0.024611283	-0.049356665	0.016747165	0.01976693	0.014732186	0.006548561	-0.042872738	-0.001034081
-0.04404484	-0.03135493	-0.04313703	0.0038261567	0.042278472	-0.037187237	0.06644447	0.07292207
0.026645109	0.13390794	0.08747476	0.105856724	-0.09964373	-0.14882655	-0.065122224	-0.079479
0.07377319	0.05213405	0.08519998	0.08588463	-0.05281309	-0.059101146	-0.034412153	-0.14601614
-0.008519563	0.002693086	0.051696945	-0.054077927	-0.01633694	-0.036233455	0.0054461514	0.08067178
-0.002745688	0.026765112	0.017923642	0.022809718	-0.019994175	-0.031706348	-0.031778134	0.022654627
-0.0529211	0.01769115	0.07897726	-0.061452076	-0.10189608	-0.08907989	-0.0557539	0.020322554
-0.10382418	0.013945345	0.040784694	-0.019057954	0.0009280066	-0.028681632	0.040271502	-0.00550505
-0.027142692	0.10642687	0.14425592	-0.045209777	-0.10355233	-0.092748046	-0.06965478	0.020072488
-0.016990667	-0.062426206	-0.03710811	0.016331147	0.05453474	0.062951684	0.080145776	0.06058986
0.066356115	0.007978971	0.09211316	0.04622347	-0.036076948	-0.117028445	-0.030861638	-0.028917283
0.006997527	0.042565312	0.005047622	0.021900762	-0.1399839	-0.08810216	0.0169302	-0.118135765
0.03435253	0.0047862306	0.039328527	0.0016466975	-0.008140575	0.028336834	0.010507084	-0.016057692
0.03233654	0.014113872	-0.00904284	0.02264911	0.04907711	-0.016937897	0.08860801	0.0037267655
-0.0040863254	-0.08151456	-0.071856655	-0.09487768	-0.02581684	0.02577126	0.07679096	0.003701141
-0.024886023	-0.010407705	-0.03869503	-0.08997613	-0.10010214	-0.07704591	-0.051393453	-0.05024393
-0.034270152	0.008005189	-0.04358458	-0.08829941	0.0661628	0.04112002	-0.019664748	0.040707644
0.090680346	-0.032071263	-0.010450209	-0.055144165	-0.0065304628	0.007285255	0.015192381	-0.10911277
0.032295678	-0.02523954	0.003465224	-0.016639255	0.039113056	0.012627963	-0.03028146	-0.021500146
0.031178664	0.034748208	-0.02929758	-0.028147196	-0.036109816	-0.04103323	-0.04712168	-0.020284569
0.07887587	0.039930347	0.1068298	0.021840991	-0.13051893	-0.10676257	-0.07603453	0.011027945
-0.029865753	-0.031375404	-0.01984231	-0.0197779	0.01037753	0.06837984	0.0949536	-0.057905685
0.09066873	0.10180586	0.025282677	0.0420471	-0.10658164	-0.033894964	0.0531595	-0.05494534
0.024889912	0.032830548	0.026119739	-0.051922053	-0.09028845	-0.0854947	-0.13235112	-0.050614584
-0.045829765	-0.044352528	0.0007407848	-0.06698194	0.058589	0.032027878	0.05502605	-0.03993763
-0.016113756	0.05490836	0.12472246	0.037106853	-0.029304428	-0.03195808	-0.028554484	0.032185644
0.08774156	0.071767114	0.10917484	0.1133305	-0.067985184	-0.046021678	-0.0105989715	-0.039615028
0.080147244	0.013053112	0.105898306	-0.034833238	-0.103582904	0.0106264055	0.028604852	-0.003895895
-0.08137666	-0.08808403	-0.10564015	-0.10022375	0.059418865	-0.119710065	0.044735726	0.10885199
-0.009645156	0.03440464	-0.004056999	0.100111865	-0.034007724	-0.04970794	0.01468282	0.016444197
0.030758522	-0.005476613	0.03158885	0.04002583	-0.05056809	-0.040216394	0.010759068	-0.051672034
-0.018370677	-0.009239651	-0.014569651	0.00019495562	0.0013508424	-0.040183045	-0.02479272	0.020232525
-0.021804668	-0.06269691	-0.08066387	0.0013519824	0.022144096	0.024389716	0.008841257	0.07076664
-0.00432515	0.11903823	0.072379604	0.041069686	-0.031032708	-0.11138452	0.0027611097	-0.020981498
-0.0110495705	-0.019388199	-0.010135461	-0.0431503	0.082457386	0.008346076	0.05361507	-0.038455974
-0.0015033018	0.08147682	0.085980766	0.109946854	-0.067405485	0.08876418	-0.05174942	-0.11301474
0.08833379	0.025033206	-0.025308115	0.021993298	-0.048736367	-0.07785707	0.0048511666	-0.0072988532
-0.052238647	-0.0503962	-0.044393115	0.033914577	0.1078539	0.06735576	-0.024474196	0.00059169566
0.09388754	0.05910527	0.024719272	0.052605905	-0.08436045	-0.06426783	-0.002226157	0.010644246
0.04167029	-0.029038442	-0.017938815	-0.0020550117	0.014199469	-0.031354524	-0.021680607	0.02882732
-0.12225778	-0.040304013	0.08917689	-0.034518488	-0.08313355	-0.06694606	0.056086108	0.062608704
-0.089416735	0.011971991	-0.045381047	0.009900155	0.082216054	0.07564514	0.05003947	0.047685217
0.09093231	0.035521004	0.1263277	-0.024716578	-0.061853874	-0.06866188	-0.013217036	-0.005498435
0.08172643	0.05193635	0.09460337	0.059281863	-0.10976904	-0.009036977	-0.02071361	-0.091218606
-0.070849955	-0.04858315	-0.09117851	0.024920885	0.12401296	0.045757294	0.116455935	0.009638901
-0.040199183	-0.037934326	-0.019470954	0.002058912	-0.033283018	-0.02496841	0.0049991608	-0.024882937
0.023178589	0.029227462	0.04415626	0.023210421	-0.055724222	0.049515978	0.021579837	0.058248013
-0.051998287	0.096398436	0.04861486	0.024908958	-0.06957493	-0.0713106	-0.044760197	0.016722312
0.017228927	-0.017383195	-0.016210984	-0.024968898	-0.04819105	-0.041015603	-0.026521696	0.01880664
0.041059423	-0.049262233	-0.0044286815	-0.005144721	0.0532942	0.09366766	0.06989303	0.0009309668
0.038790535	0.05391282	0.10729885	0.020514607	-0.10215947	-0.09952849	-0.11899177	-0.10513964
0.033512462	-0.00015305355	0.04641961	0.034849968	0.023477722	-0.049884178	0.012055516	-0.040639173
-0.038504623	0.014509823	0.01876657	-0.018980825	-0.012564279	0.036901746	-0.00089422613	-0.03064543
0.012217104	0.036274854	-0.022778524	0.012575235	-0.03708439	-0.0027304403	-0.01241342	-0.011455454
-0.04518154	-0.04045692	-0.032092147	0.021143178	0.077963606	0.12121327	0.04752257	0.01949944
0.05149406	-0.047593765	-0.017770424	0.0586157	0.0401324	-0.0048705894	-0.023062836	-0.027713038
0.09252878	0.039211795	0.0882931	0.109498054	-0.095925994	-0.024299819	-0.058888353	-0.037817344
0.04365597	-0.12211418	-0.11643351	-0.021690749	0.0480411	0.040638763	0.07138474	0.10951319
0.040525686	-0.039099883	-0.04033637	0.030244384	-0.030448413	0.007717289	-0.034496725	-0.02000673
-0.047459986	-0.023893304	-0.050990887	0.0027660578	0.045912553	0.11831984	0.049847666	0.050212055
0.051050443	0.019356117	0.08480625	-0.004755069	-0.1266245	-0.11097976	0.04932479	-0.005158724
0.050760288	0.081400156	0.06865377	-0.013720108	-0.05518674	-0.086876325	-0.02255325	0.00432976
-0.0024824496	0.070908725	0.0976647	0.03814527	-0.011634237	-0.08192981	-0.08020085	-0.038593855
0.017694814	0.09050389	0.044198513	-0.017028045	-0.07698571	-0.0061480477	-0.10873195	-0.045731183
-0.012997879	0.010172446	-0.01291838	-0.062126294	-0.008801646	-0.027921785	-0.017279217	0.13570374
0.009391926	-0.040475257	0.061470415	0.040527765	0.037445378	-0.0692798	-0.0057356316	-0.05441066
-0.020606004	0.024932582	-0.056912303	-0.038979094	0.050011076	0.11830796	-0.020769872	0.010901499
-0.01236704	0.12003686	0.09340204	-0.016213872	-0.06303239	-0.0961574	-0.062280584	-0.004146887
0.012105054	0.022435341	0.016056681	-0.002882834	0.010546084	-0.109403506	-0.054944433	0.0013336092
0.042458087	0.03763874	0.017208641	-0.08242633	-0.026655307	0.038318936	-0.051173873	0.04149821
-0.06333851	-0.08554245	-0.06475808	-0.06970787	0.02229593	0.013335564	0.020582102	0.06738553
-0.111805595	-0.06563803	0.01906055	-0.05272687	0.07514624	0.0010981178	0.06274958	0.05534422
0.066505104	-0.022945138	0.004738749	0.012350248	-0.06754511	0.019354528	0.0011556384	-0.13104519
-0.024438385	-0.022834739	-0.002917942	0.05514709	0.07592607	-0.00553809	-0.018521091	-0.057649758
0.024071287	-0.016578667	-0.07871701	0.027424559	-0.046920616	-0.041249316	0.013688214	-0.0053161825
-0.03629695	-0.08760166	-0.077639386	-0.037265047	0.10769084	0.06922043	0.034304578	0.038747195
-0.027541485	0.003836067	0.10304925	-0.0139521565	-0.10268179	-0.07551895	0.03850351	-0.023392454
-0.007223154	-0.021220418	-0.08411443	0.028346248	0.11715742	0.036318116	0.020782275	-0.012176179
0.02542102	-0.028326834	0.052062005	0.040054552	0.020948593	-0.057183575	0.01511749	0.100108586
-0.024404727	-0.04219337	-0.047725774	-0.020702355	0.08295686	0.09493034	-0.01624416	0.050109383
-0.0673148	-0.017636014	-0.09038861	-0.11629552	0.120907165	0.026170878	0.02580228	0.024551313
-0.062971525	-0.14631172	-0.06467615	0.008080739	0.043805085	0.033710364	0.020979479	0.117287844
-0.071945325	0.0038941177	-0.10920031	-0.0014593154	0.05706571	0.008751922	0.008769533	0.031154599
0.09437676	-0.00069282576	0.04607535	0.050038077	-0.09017375	-0.06906173	-0.035110716	-0.1243741
-0.10456663	-0.046516776	0.02406468	-0.06122616	0.10728289	-0.031260565	0.039301034	0.059335023
0.094034486	0.0597452	0.106029324	-0.027574556	-0.16163415	-0.07294691	-0.07036894	-0.07280421
0.0699031	0.103654034	0.032885432	0.14277594	0.0130931465	7.496914e-06	-0.024492934	-0.06393124
-0.022400428	0.03375316	-0.014951456	0.029183958	0.047554646	-0.016300641	-0.024354279	-0.040592454
-0.014136225	0.00643037	-0.016474357	-0.04384717	0.0037416462	0.01140555	0.033819273	-0.07484067
-0.032533757	-0.014785226	-0.014971047	-0.017646195	0.049625892	0.014608828	0.025668465	-0.010892727
-0.121874735	-0.08765233	0.0025889995	0.0014312202	0.046500713	-0.06802399	-0.001281322	0.1281482
0.07860533	0.14868322	0.11954989	0.12371763	-0.078792274	-0.10109699	0.0065033985	-0.10648533
0.013611268	-0.023977567	0.039768722	0.019747224	0.03466225	-0.032109022	-0.024912	0.006828189
-0.004792992	0.04780651	-0.030748162	0.037511293	-0.069116235	0.045342267	0.05730961	0.09309169
-0.021570219	-0.03274183	-0.11948388	-0.015043545	0.093150474	0.037765026	0.041654065	0.012203844
-0.03481127	0.031068359	-0.045251824	0.01579282	0.04531647	-0.002385307	0.037582744	-0.011195648
0.053945586	0.049950738	-0.032284174	0.09969604	-0.03683795	0.03821267	0.053527758	-0.07552806
-0.084029205	-0.03275378	-0.045689967	-0.058948293	0.054114252	0.066194795	0.1053794	0.026761813
-0.018854711	-0.047082968	0.007695626	0.032143753	-0.028948039	0.025093706	0.056474116	-0.037229534
0.008240178	-0.011185331	0.032043807	0.049329903	0.0031424568	0.07413337	-0.02303323	-0.013734433
0.013979603	0.004449822	0.011527441	-0.026712537	-0.041912973	-0.020834673	-0.003961168	0.030987706
-0.013819896	-0.028011775	-0.034565102	-0.007015191	0.01855344	-0.005804956	-0.036362898	0.0026865602
-0.089446954	-0.080736674	-0.04349775	-0.10259859	0.06211645	0.10793775	0.064727835	-0.038354363
-0.029674053	0.07783515	0.12333492	0.07904644	-0.041006397	-0.13328798	-0.04380206	-0.04463367
0.04843086	-0.021122783	-0.002564652	0.015048513	-0.06596421	-0.03339676	0.022775449	0.04313416
-0.019757563	-0.051986795	-0.013070139	-0.023507014	-0.0020259796	-0.014180907	-0.06948821	-0.03418968
-0.03869935	-0.06246508	-0.094503105	-0.034138095	0.12373499	-0.052472148	-0.0178594	0.022374287
-0.037134055	-0.020525027	-0.104866855	-0.0948254	0.09593776	0.059439078	0.06793183	0.11490055
-0.0034610257	0.035726	0.03365833	0.03255366	0.03938431	-0.0113369	-0.026138365	0.021325115
-0.03911877	-0.0028991718	0.13303962	0.047291186	-0.055781916	-0.06536235	-0.011817673	-0.0053124535
0.037989583	0.017548349	0.02993938	0.029683199	0.010932386	0.048501182	0.014792871	0.021658052
0.04145032	0.043462686	0.007070011	0.07012153	0.007766903	-0.024820574	-0.08830553	-0.10648578
-0.002457559	-0.040248085	-0.006197918	0.04901922	-0.047702193	-0.01957786	-0.02183242	-0.027057339
-0.061620027	-0.08510637	-0.048878927	-0.049656656	0.06136546	0.06064579	0.08503561	-0.045880325
-0.027312318	-0.0021259212	0.008842943	-0.03423183	-0.0035300055	0.1293202	-0.052891433	0.043542713
0.113044344	0.012384301	-0.0031645051	-0.014901897	-0.11336781	-0.020086493	0.00087587396	0.042960107
-0.005753658	-0.065248266	-0.098045126	-0.078137845	0.056253992	-0.021520795	-0.023372734	0.080115065
-0.02583549	-0.07684686	-0.00445078	-0.037961457	0.05546049	0.036587924	-0.005329375	0.003586098
0.10374402	0.047586735	0.06499547	0.05633468	0.020341875	0.015727425	-0.06940003	0.027260909
0.051293857	0.07149577	-0.03676951	-0.0060337777	-0.0688122	-0.035173174	0.03347997	-0.036549013
0.03008122	-0.10481999	-0.09113822	-0.0711704	0.051775265	-0.024484286	-0.023819432	0.117130145
-0.0027426728	0.074686915	0.016511153	-0.048447285	-0.02960645	-0.121062785	-0.104917236	0.006529181
-0.01685048	-0.019614536	-0.090658106	-0.04770869	0.02059782	0.07434663	-0.003227078	0.06154689
0.0052994206	-0.071459375	-0.00370824	-0.07637024	0.13105404	0.109076865	-0.0077438136	0.053170197
-0.09282148	-0.10615337	0.018633751	0.0036375602	0.013867468	-0.06001225	0.07964789	0.0451992
0.025854813	-0.04468397	0.011836572	-0.031055417	0.05035227	0.0391995	0.050125528	-0.015276708
0.04256287	-0.044413902	0.040584926	-0.031027293	0.042061184	0.0014106035	0.037441198	-0.01947974
-0.020867966	-0.07153603	-0.0159047	-0.011301779	0.056091014	0.07790846	-0.011133559	0.05140512
0.09192319	-0.009405641	0.05746812	0.008135365	-0.09609142	-0.09599314	0.028617527	-0.101878926
-0.077769704	-0.06365107	-0.054142848	-0.121073134	0.12988436	-0.068596244	0.0851535	0.08822024
-0.012614921	0.010960711	0.01846184	-0.0007790788	-0.046808656	-0.058602307	-0.003554538	-0.028691942
-0.009220271	0.058405645	0.013516106	0.11826489	-0.07644387	-0.03596034	-0.070305206	-0.030573424
0.039868478	-0.031699706	0.0028977767	0.008753728	-0.0107898	-0.041022442	-0.049419787	0.049797896
-0.040905423	-0.0059394096	0.015303614	0.07541612	0.040170904	-0.014711999	-0.07448835	0.0033308766
-0.020174492	-0.086488	-0.08224067	0.008214219	0.05192804	0.017766297	0.047718134	-0.017575227
0.0491605	0.06352368	0.0911274	0.04057765	-0.07194504	0.033785846	-0.039895434	-0.03706572
0.069884025	0.05918706	0.032271247	0.07272883	-0.06235967	-0.04493234	-0.009324133	-0.036318988
-0.03788251	0.05516383	-0.012423703	0.081279546	-0.07376636	-0.043381326	0.05222389	-0.049322996
-0.057386074	-0.0645283	-0.0985285	0.00017755292	0.059023038	0.094304256	-0.00018539932	0.025031805
-0.043830756	-0.053871226	0.009434617	-0.04773464	0.052215286	0.124260396	0.046914212	0.05588778
-0.019249609	-0.08394149	-0.058480114	-0.0048221513	0.031454813	0.057499114	0.01256484	0.02495465
0.02205301	-0.07418661	-0.06695092	-0.052724786	0.070527546	0.020282561	-0.014738625	0.033445414
-0.020367812	-0.047470093	-0.04243554	-0.062434092	0.10785346	-0.07095122	0.062578775	0.008665419
0.046140328	0.02415459	0.07255595	-0.04086475	0.011919826	-0.11621285	-0.013530047	0.039339792
-0.036903374	0.013792356	-0.06523752	-0.079035014	0.058670748	0.114912	-0.036335163	0.119211525
-0.04571822	0.04239038	-0.009905767	0.03379837	0.021044578	-0.04262774	0.02047931	-0.013080597
-0.06970738	-0.072811686	-0.12796499	-0.08162945	0.09831371	0.034582704	0.007891497	0.07373701
-0.0048138113	-0.059716552	-0.0652571	-0.08469131	0.058313325	0.041351505	0.02922776	0.08721254
-0.06509867	-0.07598499	-0.011637742	0.075210005	-0.026913745	0.003766415	-0.054961085	0.011945998
0.053705197	0.065279044	0.08777132	0.06653496	-0.12081007	-0.105406076	-0.09312756	-0.014883589
-0.10127617	-0.03436958	0.067820795	0.008650437	0.038019948	-0.022646254	-0.014849955	0.06767557
0.0022183503	-0.08177165	-0.123676665	-0.03319583	0.09798126	0.00029151211	0.005897866	0.06589947
0.009417428	0.029970683	0.03682399	0.027193123	-0.0217452	-0.13387789	-0.029979628	-0.002645339
0.003513357	0.051724795	0.04555425	-0.01036556	-0.009531938	-0.13759588	-0.07402577	-0.0028724298
0.1265876	0.09316835	0.10140774	0.026304966	-0.12055346	-0.05343871	-0.00055440003	-0.09444973
-0.017085629	-0.03755185	-0.10854109	-0.016811987	0.102452375	0.05849589	-0.014878151	0.0108370185
0.02867946	-0.067890316	-0.06900817	-0.036157295	0.04786621	0.082575604	0.09936271	-0.013273973
0.12895072	0.0463609	0.004762651	0.033513464	-0.02530383	-0.090162925	-0.015347993	-0.09214796
0.02845651	0.061528414	0.04303173	0.045939352	-0.025952166	-0.07915916	-0.039731886	-0.013530387
0.030539759	0.12733585	0.039900325	0.049338598	-0.08617013	0.029173713	0.018881496	-0.09400704
0.036879744	0.020661924	-0.044304777	-0.008650266	-0.041107845	-0.032526065	-0.0011277422	0.03407513
-0.077390336	-0.08936356	-0.09769704	-0.046240784	0.11156018	0.037548352	0.043383688	0.0639003
-0.038951494	0.027452234	0.04258455	-0.044306185	-0.010213852	-0.047228683	0.03875411	-0.036040567
0.0016357261	-0.04443655	-0.09076074	-0.057346903	0.04332169	0.12205858	-0.004517996	0.07027986
-0.061648604	-0.07544165	0.024768615	-0.031800147	0.045442153	0.017328097	-0.0015374128	0.06016464
0.07591938	0.03402123	0.050124742	0.09230906	-0.05148221	-0.0951817	-0.033510465	-0.058999006
-0.01672659	0.04267076	-0.027787685	-0.04749099	0.028529037	0.002903305	0.0007785335	-0.017658006
0.0014064535	0.03482585	0.04553506	0.025049511	-0.032915547	0.016050901	-0.008374192	-0.034415163
0.013416816	0.024069596	-0.019653274	0.011999894	0.028985668	0.003535591	-0.03869729	0.03878254
0.0011041984	0.018734526	-0.049258042	0.01635715	0.014135409	-0.024969388	-0.007864095	0.029606763
-0.11809362	0.0776123	-0.0011976158	0.11085925	-0.0076565	0.046341874	-0.049190234	-0.032085795
0.06728124	-0.04984684	0.06791365	0.003953941	-0.00036917883	0.029913642	0.02773956	-0.04140225
0.027025435	0.02965084	0.019344378	-0.031584073	0.0450614	-0.039875615	0.02750175	0.02477118
-0.030355884	0.0011372678	0.021031868	-0.037447214	0.045359623	0.0077728853	0.031860422	-0.031070685
-0.010584535	0.004611196	0.0032714217	-0.09763132	0.02083365	0.05124173	0.037439764	0.11539592
-0.06279575	-0.047522128	-0.0980802	-0.022578891	0.070162	0.09293403	-0.013299517	0.034314997
0.034148898	0.019868039	0.01840974	-0.03833523	-0.06648458	-0.10577252	-0.008523401	0.033123106
0.058021974	0.031945903	-0.008530742	0.022173014	-0.053744048	-0.04087153	-0.08000616	-0.054984983
0.020849206	0.08513438	0.07123842	0.047753867	-0.02340484	-0.05251067	-0.025982868	-0.046895485
-0.00315807	0.049525596	0.04764328	0.014823971	-0.009285052	-0.13501537	0.0046891533	-0.021075217
0.0719279	0.06723357	0.056838375	0.083610535	-0.08804366	-0.10788919	0.04173148	-0.025472146
-0.0070505096	0.12568061	-0.015419826	0.049841378	-0.0016442733	-0.05905516	-0.04501988	-0.0074805534
0.025108904	0.03296233	0.1552962	0.03205806	-0.09480509	-0.11843673	-0.041563567	-0.07709934
0.000861328	0.016200325	-0.026117027	-0.032653	0.036944143	0.06679145	0.054604646	0.013245861
0.08898132	0.019692142	0.07826862	0.10927257	-0.120998465	-0.05264079	-0.016678134	-0.07020574
0.023762453	0.038431298	0.010459878	0.036956284	0.03092381	-0.010274209	0.04993428	-0.0037561432
-0.08488023	0.07472047	-0.039301887	0.050780054	-0.013737984	-0.121302776	-0.0046618776	-0.03168546
-0.10525165	-0.059541073	0.0116486605	0.01967208	0.048605755	0.09462114	-0.004909635	-0.03293287
0.04110238	-0.018031508	-0.034481138	-0.055498175	-0.0017129323	-0.0053019715	0.014857845	0.0067370553
-0.034991387	-0.040692586	-0.031904273	-0.07209308	0.081114925	-0.047716156	-0.018030874	0.048198435
0.09481613	0.067618065	0.11138917	0.15326107	-0.021422742	-0.08710293	-0.029949047	-0.059721995
0.10554533	0.029047407	0.05519645	0.0146908555	-0.13007757	-0.07496305	0.041146223	-0.13509718
-0.013238918	-0.0549657	-0.050540347	0.06624225	-0.03727058	0.05831143	0.005510008	-0.13129517
0.020098057	-0.032465935	-0.02508061	-0.0091358535	-0.0021204352	-0.021589113	0.008936226	-0.04874457
0.08060382	0.03393771	0.0913248	0.041684877	-0.10255609	-0.055892557	-0.01419082	-0.048971277
0.08245771	0.09028283	-0.0040238625	0.041437082	-0.04442258	-0.095894456	-0.0074694464	0.039550673
0.062712915	0.021806072	0.070846565	0.021682827	-0.0054846327	-0.0638768	0.016053593	-0.050419647
0.057542175	-0.03935056	-0.062341362	-0.043240365	0.06467498	-0.05335005	0.08565467	0.07352406
-0.06879581	-0.14946118	-0.050118644	-0.012606814	0.12032703	0.04062969	0.07660337	0.09568595
-0.067732856	-0.09888729	-0.046667695	-0.068597615	-0.008189913	-0.053019576	-0.0070864335	0.09124539
-0.0028200909	0.0024191802	0.035714924	-0.06405163	0.082749404	0.0460338	0.0375997	0.11703875
0.0569486	-0.0044085043	-0.015885076	0.017950237	-0.09529221	-0.13619652	-0.048751697	-0.0042954115
0.01171327	-0.08019385	-0.05908435	0.029659767	0.038135048	0.04038927	0.009462982	-0.017837929
0.07927253	0.050038062	0.10033568	-0.023329558	-0.10370972	-0.15820892	-0.0091563165	-0.020077717
-0.1279047	-0.07445047	-0.03999193	-0.046515048	0.008070478	0.04863772	-0.0034661577	0.056607705
-0.010486772	-0.09059701	-0.11856279	0.022807995	0.03961873	0.08360109	0.023283886	0.019283133
0.06743773	0.022891654	-0.020684842	-0.05465482	-0.08389667	-0.04103524	-0.08797781	-0.008672241
-0.0084653385	-0.038166393	-0.044565093	0.014989544	0.0030005574	0.03507817	-0.018846584	0.030468617
0.034154218	-0.07326776	-0.086607754	-0.0041807634	0.046834126	-0.015789764	-0.00026094425	0.09208402
-0.029016495	-0.044784594	-0.03141122	0.018407319	-0.003410101	0.013879862	-0.046111085	0.03586862
0.045834195	-0.010306846	0.02368858	-0.046207167	-0.024112547	-0.012497805	0.01466639	0.044229377
0.04966551	-0.07760239	-0.07870753	-0.021678349	0.0024348828	0.082104236	0.06454534	-0.10095724
-0.0046807844	0.08808668	0.01330621	-0.010917609	-0.025382586	0.0182113	-0.07463376	-0.0014325539
-0.0032597408	-0.018536292	0.03549174	0.04352272	-0.0040688515	-0.02972616	-0.0032813177	-0.01249367
0.014729689	-0.013024548	0.0070981476	0.06509084	-0.0057680095	0.042671356	0.053550474	-0.011492547
-0.078825936	-0.06958211	0.015770772	-0.07286617	-0.014922123	0.09814894	0.071782015	0.051998883
0.005026483	-0.07518267	-0.07075559	0.051923368	0.04831818	0.0801381	0.041408833	0.080347665
0.007467253	-0.045785062	-0.065988764	-0.019748745	0.009675196	0.035350814	0.031554297	-0.0059348545
0.00798567	0.07312319	0.08903632	-0.057350297	-0.081673436	-0.06617915	0.0016698367	-0.0099530695
-0.13718283	-0.04101187	0.005831496	-0.0114912605	-0.00081250165	-0.04106515	0.06945521	0.037810385
0.015465028	-0.14074749	-0.062533	0.027291939	0.079205744	0.13720416	-0.007694653	0.027365614
-0.044707984	0.12331973	0.074938506	0.009568627	-0.11013314	-0.14868301	-0.08890971	-0.010345045
0.008511068	-0.06552998	-0.047087945	-0.0341313	-0.008443654	0.071303	0.006993625	-0.018670358
0.056880925	-0.026816808	0.091316395	0.10312163	-0.07297301	0.04352156	-0.08620728	-0.0702379
-0.018724818	0.048719626	0.052891124	0.103320085	-0.047715798	-0.031568706	-0.047871243	0.008865986
0.019417062	0.035780393	0.022549	0.105264835	-0.098650336	-0.057629842	0.004721054	-0.056534622
0.022978147	0.021022419	0.035508223	0.038369067	-0.05553271	-0.085523665	0.015630625	0.014645977
0.008648299	0.0033602826	0.010976754	0.04576719	0.024480846	-0.014011979	0.015810538	0.014625456
0.097080976	0.08737797	0.09652713	-0.041786492	-0.13628449	-0.066255674	-0.06629975	-0.053585585
-0.0744631	0.0056843674	-0.10819382	-0.005485615	0.11428049	0.010486864	0.09423914	0.1144213
-0.018952781	-0.03245729	-0.0320265	-0.020346288	0.048370354	0.053875815	0.03790942	0.0139143085
0.014649709	0.060755827	0.034956582	0.061322775	-0.0072678	-0.03567603	0.015193388	-0.0026340475
-0.09061056	0.006883765	-0.08260916	0.043457836	0.03953619	0.010112013	0.039446555	0.004769986
-0.04174723	0.020287674	0.019164043	0.053605568	-0.049284708	-0.06363028	-0.049493454	-0.04698977
0.037505563	0.0882373	0.027039437	0.096184954	-0.1385352	-0.076560274	0.011231588	-0.1640751
0.01898636	0.008794749	-0.039180446	-0.037644032	0.008454579	0.03656808	0.013596488	0.06788654
0.102724664	-0.0035634656	0.026593024	-0.0138545185	-0.044917054	0.007772371	-0.01133631	-0.06583576
0.096991085	-0.045355137	0.043545123	0.065635845	0.0067039845	-0.076850325	-0.050743636	0.025846008
-0.12076516	-0.018725593	-0.05899075	-0.13248076	0.07180088	0.043347206	0.07718044	0.016557658
0.019136913	-0.123168394	0.028619368	-0.05275747	0.12994939	0.08124857	0.05810703	0.022549678
-0.017115854	-0.00841856	-0.026082993	-0.0018465146	0.0359277	-0.007493805	-0.0442593	-0.011413775
-0.039277494	-0.075987205	-0.05748873	-0.012065718	-0.012625594	0.040144924	0.04120702	0.01124921
-0.06976851	0.03878708	-0.031233031	-0.02361551	0.015402237	0.04493121	0.03660938	0.1017347
0.029518563	-0.038142815	-0.021596277	-0.0038612902	0.032485254	0.07307812	0.012175541	0.03081355
0.048480596	0.04903238	0.01567128	0.0020284168	0.004181873	0.012305509	0.03606086	-0.01817558
0.01343682	-0.016042449	-0.045603503	-0.035177827	0.04377446	-0.041932452	-0.0024565347	-0.018436573
0.031264164	-0.08503681	0.050989993	-0.0061471686	-0.066297926	0.029015824	-0.040518433	-0.09412732
0.019585993	0.0025870427	0.019161228	-0.044672813	-0.013016462	-0.01206119	-0.02126733	0.023081545
-0.008183289	-0.021443462	0.025876727	0.017044056	0.0017107613	-0.03286121	-0.025599493	0.016771588
0.012429524	0.018090855	-0.031971503	0.008484591	0.012952235	0.034724426	-0.04305259	0.039318178
0.0002785325	-0.030608548	-0.037002183	-0.023908531	0.026455346	-0.028730726	0.0065484643	-0.012953948
-0.042236652	-0.016354794	-0.08927764	-0.044306815	0.016160836	0.043681517	0.065034464	0.017679857
0.0033532241	-0.13519451	-0.037325665	0.023104362	0.10608267	0.06485243	0.052682165	0.005493542
0.0723306	0.07244264	0.036600787	0.05065143	-0.047936633	0.024700383	0.044842336	-0.125147
-0.009447385	0.00822711	-0.0447894	-0.031015253	0.049345125	0.023361076	-0.03786404	0.028678369
-0.076919496	-0.002122507	-0.018147998	-0.08867021	0.08636943	0.055421885	0.026918817	0.006586093
-0.024573375	-0.044322193	-0.0123673305	0.011675466	0.037723172	0.049186636	-0.026474953	-0.017313682
0.06614237	-0.036752917	-0.03265552	-0.05949319	0.004690132	-0.12812008	-0.007872552	0.07516168
-0.09716632	-0.053272694	-0.06674905	-0.03720248	0.039280847	-0.033198968	0.07576212	0.06512649
0.047124993	0.036459256	0.046342265	-0.04921749	0.04196069	-0.0069513805	0.025919925	-0.016505014
-0.009801476	-0.033732675	-0.08954411	-0.041481014	0.043425463	0.023773393	0.023992097	0.015033494
0.0335897	0.030094277	-0.032390345	-0.05239561	0.07410026	0.025449619	-0.002319322	0.08640134
7.928535e-05	0.03122883	-0.001703728	-0.032994643	-0.015187383	0.013268743	-0.021096839	-0.029383337
0.005928342	-0.024813538	-0.110949375	0.030534405	0.079860955	0.07264597	0.020409072	0.055535782
-0.002682435	-0.026628695	-0.04664159	-0.05140198	0.03674822	0.037587903	0.03355528	0.10455583
0.05755937	-0.14165224	0.033432163	-0.046374343	0.08912203	0.13254498	0.051332567	0.0172364
-0.14238988	-0.09784009	-0.084885746	-0.06455806	0.06833254	-0.04437926	0.0875657	0.06264687
-0.0065258406	-0.07838623	-0.052630804	0.052171584	0.1107106	0.010313446	0.05679065	0.09202407
0.018295864	-0.061852686	-0.104653835	0.0069544422	0.020013144	-0.06640435	0.08006898	0.048453663
0.045031868	0.076571554	0.0625244	0.055732343	-0.13152255	-0.059180524	-0.10741007	-0.08731039
-0.036515485	0.066201545	0.024354437	0.06803097	0.0015812106	-0.037006248	0.021548007	-0.037616342
0.017009428	-0.048770197	0.029455563	-0.02368069	-0.049280617	-0.040734313	-0.0038143499	0.013359872
0.012673637	-0.07307367	-0.084723435	-0.10179347	0.11240362	0.034774292	0.026088629	0.030234605
0.008432106	0.078934066	0.090389855	0.01543802	-0.0361804	-0.036207646	0.014855543	-0.036818054
-0.033371247	-0.04913945	0.001371514	-0.03902795	0.030860666	-0.025529219	0.028195713	0.00805055
0.0003292188	0.026469473	-0.010237075	-0.007852089	-0.048153948	0.013620619	0.04965741	0.0075366125
-0.02086612	0.044376794	-0.04784837	0.044972364	0.048476625	-0.00522653	0.041297916	0.029903736
-0.00030451734	-0.015811272	-0.004157033	-0.067831635	0.01805728	0.024646219	0.07916548	0.043043666
-0.033849027	-0.07396765	-0.08008652	-0.07787998	0.05756434	0.003185431	0.03687763	0.0856622
-0.00084363297	-0.028296446	0.012263514	0.020628702	-0.005436767	0.033167724	-0.034054592	-0.0052157864
-0.050781213	-0.10048102	0.028948795	-0.08687334	0.038941246	-0.005103493	0.09116135	0.078170076
0.0047165314	0.037093155	0.06640842	0.03994863	-0.026646582	-0.021198137	-0.021693405	0.05425967
0.015158113	0.0979289	0.08303761	0.082781285	-0.060758706	-0.04367693	-0.066314675	0.033651922
-0.019122347	-0.045083314	-0.083348334	0.017643552	0.058341224	0.0801081	0.02264198	0.012049427
-0.008116	-0.08662503	-0.066434816	-0.10747746	0.103235364	-0.068007894	0.04335765	0.04068396
-0.020512443	0.041429635	0.04792891	0.08118302	-0.06771174	-0.021810137	-0.057448268	-0.08937736
0.07834107	0.06440416	0.027514221	0.029279586	-0.058508676	0.024204418	-0.013515841	-0.012972466
-0.025036756	-0.022562072	-0.041494746	0.0030215695	0.08947046	0.06954563	0.10213755	0.072998896
0.07674451	0.07137299	0.025262056	0.057849422	-0.03815265	-0.034573667	0.029898271	0.00032785814
0.044573784	-0.0007483766	0.07673323	-0.012470072	-0.06909434	-0.062193364	-0.097113825	-0.12871674
-0.02346449	-0.009520033	-0.020857114	-0.0564113	0.08363592	0.04097244	0.027086802	0.008236939
-0.0846455	-0.08588945	-0.042184386	-0.048194956	0.054197785	0.086200014	-0.0041311383	0.08744002
0.03138424	-0.046695866	0.012353767	0.040845525	0.00761671	-0.043609034	-0.02636589	0.030339252
0.08517894	0.058691565	-0.0111610815	0.09931319	-0.020419134	-0.062493034	-0.030440172	-0.09698672
0.010481248	0.110670224	0.08029655	-0.022117747	-0.0938434	-0.07607986	-0.031221148	0.007949291
0.027686052	-0.065700926	-0.061078776	-0.044825338	0.058710195	0.059198707	0.051397353	-0.0059207026
0.034328233	0.047394153	0.06479367	0.03859144	-0.093873344	-0.018484449	-0.06239511	-0.106367126
-0.023856977	-0.0056334757	-0.028257925	-0.0027145743	0.012669913	-0.011798933	0.030741429	0.10704846
-0.04891462	0.02336295	-0.0015680688	0.0009910176	-0.09234674	-0.009827286	-0.016276686	-0.073034436
-0.054679327	0.066213	0.0810477	0.022869218	-0.11739615	-0.09104465	-0.04070092	0.058512744
-0.049956605	0.012042355	0.01788102	-0.05032953	0.026373446	-0.017343383	0.026105631	0.059208386
0.0040313234	0.047471076	0.039275814	-0.0060576936	-0.020674955	-0.052166697	-0.03662478	-0.025780056
0.019794652	0.02891292	0.043336272	-0.020109443	-0.06741689	-0.07155227	-0.0141501	-0.019315686
0.027476326	-0.07656486	-0.05261899	0.003596564	0.07713661	0.0751382	0.083484605	0.113668166
-0.0013884939	-0.009226449	0.034408882	-0.012382227	-0.072044775	-0.08904323	-0.037288375	-0.07163519
0.046800375	0.03353473	0.04917547	0.06285183	0.0028533093	-0.049832597	0.025895596	-0.0024452135
0.053154867	0.041312378	0.09717212	-0.029652266	-0.10976951	-0.109431945	-0.08124216	-0.09239176
-0.09126201	-0.089831	-0.053607933	4.431e-05	0.08216581	0.14144252	-0.03911951	0.099028796
-0.022451907	-0.12243331	-0.049653128	-0.011666834	0.05736864	0.13269018	-0.023287658	0.0212868
0.010146529	-0.025227707	-0.11555695	-0.037867084	0.10409688	0.05780763	0.052776452	0.104429275
0.0655943	0.009800949	-0.082804464	-0.0032415008	0.051200494	0.008090074	0.067752086	0.05579537
-0.049969073	-0.11591153	-0.07867126	0.040063612	0.03684722	0.13164619	-0.021772921	0.062109925
-0.07248783	-0.04227914	-0.07217713	-0.0010401634	0.098368116	-0.015979819	0.05242992	0.08311049
0.044536117	0.12354215	0.10650555	0.106985725	-0.053531013	-0.029082805	-0.0087518105	-0.0855042
0.045331143	0.0549609	-0.026004288	0.0027565658	-0.09352069	-0.019048728	-0.014651155	0.015096527
-0.013739377	-0.0049643	-0.071171865	-0.05880649	0.09040597	0.039273474	0.03864206	0.028712414
-0.026547516	-0.030972878	0.050120227	-0.052429724	0.00051503466	-0.053909548	0.012026819	-0.019736122
-0.020246064	-0.016904961	-0.024560392	-0.013715375	0.0034920797	0.04411519	-0.02954154	0.02535722
-0.04126718	-0.056683555	-0.006781114	-0.048311256	-0.050116513	-0.07926756	0.024109758	0.031048499
0.018358286	-0.033035673	0.04670342	0.01565506	0.011946993	0.060737982	-0.01161707	-0.06120043
0.08733704	0.09485094	0.064434856	0.107466966	-0.058561057	-0.09540263	0.03209971	-0.066243485
-0.024356572	-0.03275563	0.061759792	0.030183177	-0.035679188	0.009949255	-0.026722614	-0.13235916
0.036660876	0.03641844	0.012506437	-0.049879383	-0.01505493	0.007997204	-0.012226891	0.018558074
0.056438226	0.057864964	0.05734599	0.09621883	-0.15499285	-0.07851504	-0.066261254	-0.07438311
-0.056496266	-0.037309032	0.006296055	0.0057117725	0.098055094	0.063223146	-0.00011785142	-0.015590335
-0.0728702	-0.014800532	-0.0017515747	-0.0049164393	0.01916516	0.098611444	0.106922135	0.095867336
0.05091872	0.06843171	0.023005497	0.050133683	-0.08668019	-0.042710643	-0.013392702	-0.036914594
0.012442448	-0.037741184	0.039229244	-0.056838088	0.010170647	-0.037171222	0.015540684	-0.043414276
0.027036179	-0.0054710284	-0.011545289	-0.019175066	-0.043923985	0.034535754	-0.0012506619	0.047877897
-0.014541149	-0.011232331	-0.05530599	-0.002413875	0.067625605	0.008375429	0.040065184	0.07569832
-0.035297837	-0.030604042	-0.09095887	0.0027162246	0.05835659	0.034474473	0.03236281	0.043395963
0.011906061	-0.017621875	-0.07920215	-0.11711904	0.040121853	0.06800711	-0.020094447	0.024245726
0.03721389	0.049906	0.012622108	0.008958755	-0.045029815	-0.0064676413	-0.04964619	-0.06334152
0.043193784	-0.008663155	0.006902121	-0.019519461	0.024532627	0.030671488	-0.014644146	0.015801523
0.012744356	-0.04651642	0.0042054057	0.0038956292	0.021349896	-0.025593508	-0.018585108	-0.00865661
0.07305575	-0.0032939836	0.04216846	0.023651335	-0.0072636553	-0.050827116	-0.017377475	0.04364811
-0.031959984	-0.0005414649	-0.008448357	-0.02919298	0.021498658	0.019971214	0.017710116	0.06988523
0.01732476	0.0861579	-0.054791138	0.0598111	-0.056594677	-0.025116742	0.09190892	0.013659248
-0.027030282	-0.009341407	0.04909461	-0.00460074	-0.034178387	0.015519775	0.029710665	0.037997097
-0.0075017326	0.022464383	0.025444973	0.034531903	-0.041466426	0.002444256	0.025458518	-0.025135184
-0.030823486	-0.04623589	-0.10869018	-0.011638246	0.04420213	0.016041042	0.121385604	0.062912636
-0.022365117	-0.018567491	0.014606688	-0.0010503754	-0.038671076	-0.032553542	-0.019373035	0.036893334
0.0859006	0.0050941766	0.04356076	-0.0371503	-0.09428275	-0.031728577	0.014613116	-0.005284493
0.028788257	0.010242473	0.015692879	-0.026153553	-0.025694966	-0.013358057	-0.019163465	-0.015742231
0.00091302395	0.03330563	-0.038320888	0.019483563	0.0018838989	-0.030967616	0.039445393	-0.065069474
-0.048600987	0.07346583	-0.0110053	-0.037592538	-0.029357543	0.009537804	0.012423271	-0.013213377
0.0310293	0.03651586	-0.034944024	0.06730885	0.035661347	0.024798239	-0.016463865	-0.09450745
-0.0031402977	0.116672926	0.05870183	-0.04519176	-0.118147835	-0.012853681	-0.053422347	-0.005920606
0.00783974	-0.071814284	-0.0071279556	0.06480806	0.04984483	0.0539972	-0.0068715173	0.07062538
-0.010591865	0.01723845	-0.020696629	0.017823938	0.015156869	0.022742484	-0.03482032	-0.03449719
-0.0781551	0.01196366	0.020312054	-0.066935934	-0.029115459	0.09364407	0.039870523	0.046898343
-0.051212512	-0.03792754	0.036415644	-0.118393496	0.14256018	-0.025333632	0.05937965	0.050462697
-0.027487028	0.039653216	0.01249082	0.035104726	0.03271171	0.025247823	0.008383192	0.048155498
0.06403421	0.087401435	0.10073114	-0.0029663774	-0.031581834	-0.0754043	0.046672866	-0.05731329
0.015090881	-0.044861417	-0.08881134	-0.022498941	0.094510145	0.01502355	0.085809045	0.08444695
0.028816694	-0.027664255	0.08412151	0.0073647792	-0.029374171	0.013842374	-0.062110644	-0.07787309
0.02800275	0.02492937	-0.028258706	0.022062872	-0.019592835	-0.019339025	-0.018063702	-0.04621799
-0.08616177	0.016529668	-0.1489826	-0.049675036	0.06626807	0.07464097	0.04569365	0.056493558
0.039925154	-0.005369563	0.006812414	0.0058000865	0.0104919365	0.009280468	-0.0017764666	0.0034206184
0.060821183	0.061800864	0.071952775	0.065042585	-0.045617584	-0.03215204	-0.029411513	-0.06990087
0.05960082	0.027870474	0.08788565	0.010226801	-0.066763595	-0.06712602	0.003528702	-0.055440895
-0.04784279	0.0048868735	-0.096259296	-0.003235206	0.059503615	0.011646656	0.059421603	0.059302226
-0.01888191	0.07730218	0.07881755	0.03772416	-0.11088702	-0.05321183	-0.051567744	-0.11042107
0.025254052	-0.015612142	0.039946012	-0.051002253	-0.011602859	-0.110558115	-0.04387271	0.08505803
0.08175175	0.00038974453	0.01522569	-0.0021613254	-0.02762613	0.027189372	0.02679184	0.0034462367
0.03344448	0.008824093	0.11399493	0.025369171	-0.030757347	0.038939077	-0.045995228	-0.11755044
0.04590552	-0.01144743	0.010325335	-0.00028096512	0.0022507422	0.03931621	-0.011180829	0.0484708
0.016345011	0.048258267	0.059505105	0.0067007346	-0.09121849	-0.0910854	-0.06446059	0.08001868
0.049353257	0.010897359	-0.004149158	0.019346593	-0.07140955	0.034351766	-0.06486103	0.00032288488
-0.02910485	-0.0060614985	0.107100055	0.07912667	-0.10167261	-0.0018272321	-0.04752304	-0.029881718
0.049864482	0.00767814	-0.024009585	0.035783555	-0.0122993365	-0.017417572	-0.004485525	0.008238353
-0.10388163	-0.08132936	-0.07677439	-0.061084956	0.053372286	0.05738927	0.10088495	-0.04823932
-0.04880301	-0.05966342	-0.04944519	-0.02931684	0.07648747	0.02815919	0.014981656	0.067300685
0.083476596	0.02687109	0.025721204	0.08898806	-0.07186296	-0.0036788303	0.009678573	-0.042569652
-0.011479478	-0.09284471	-0.101956464	0.030621743	0.022529058	0.07170389	0.03681201	0.024062522
-0.029169613	0.071824685	0.048385967	0.028475055	-0.042578243	-0.07909082	-0.059880853	-0.122421265
-0.027118947	-0.0029973919	-0.08769801	-0.016583528	0.08639359	0.04544074	0.1028339	-0.04853549
0.032978814	0.04541669	-0.021313313	0.047318444	-0.03868481	-0.09219249	-0.030289946	0.008743547
0.041687082	0.02523357	-0.026219105	0.0022648573	-0.006947674	0.014462661	-0.031120157	0.024487887
0.03208901	0.04568077	0.020826433	0.07490874	-0.012782468	-0.056100197	0.03614438	-0.043327674
0.0700289	-0.010756272	-0.039654784	-0.07319978	-0.044774592	-0.0155995935	0.04669793	0.0074485475
0.054044157	0.062141337	0.12025744	0.026435861	-0.09865884	-0.07948733	-0.048134167	-0.077852026
0.049737815	0.044623796	-0.0072196126	0.013975505	-0.024137188	0.049756993	0.031582262	-0.0055760257
-0.0638234	0.016305003	0.010518331	-0.08669678	-0.020464122	0.04085699	-0.015463388	0.121753246
-0.07220245	-0.06912489	-0.041240428	-0.07960156	0.11621528	0.055931758	0.10096413	0.03581576
-0.012616374	0.007810682	-0.007031237	-0.051814046	-0.033947513	-0.07377521	-0.07533953	0.026576295
0.058079135	0.05595513	0.037377007	-0.010433057	-0.044063803	-0.12387783	-0.040252183	-0.023485381
-0.044287503	0.0051419027	0.011162687	0.042074416	0.033778477	0.017190587	0.007288445	-0.028596688
-0.027975533	-0.03538775	-0.040970825	-0.04511139	0.069305174	0.07904005	-0.013499772	-0.021743907
0.08391612	0.09414456	0.06324472	-0.043461714	-0.11608312	-0.090063915	-0.09843446	0.0048775217
-0.04105202	0.024342813	0.03031072	0.012236465	-0.06783996	-0.03848281	-0.0015049535	-0.059381943
-0.03662833	-0.046742808	-0.047958113	0.03819925	-0.01692332	-0.026657486	-0.0046799667	-0.037645746
0.06389309	0.08365219	0.05491979	0.06368103	-0.059311833	-0.051589385	-0.092164665	-0.06942678
-0.03489781	-0.063559406	-0.033910535	-0.05351559	0.01367403	0.0035308413	0.0020034695	-0.005451087
-0.01281124	-0.058968373	-0.09502513	-0.11053366	0.008867714	0.07942534	0.06819518	0.020477597
-0.10404133	0.014173902	-0.13026476	-0.034625873	0.080405094	0.097673684	0.11365169	0.1054521
-0.010167389	-0.07437459	-0.111544274	-0.05367027	0.010121925	0.09126952	0.102588825	-0.0983342
0.078918755	0.034134254	0.081636176	0.025877232	-0.1021868	-0.07822315	-0.08532922	-0.054558977
0.02874975	-0.015929818	-0.018273706	-0.004105883	0.032214545	-0.03455376	-0.040190857	0.02687427
0.05088594	0.0044666077	-0.06783338	0.058362383	0.0394822	0.048266	0.033352185	-0.08188482
0.06633593	0.022103136	0.06728762	0.044724308	-0.07592887	-0.028310155	-0.07833465	0.025256189
-0.07155722	-0.035425056	-0.11843402	-0.029109554	0.059499122	0.09221977	-0.014474876	-0.0034863963
